DisNo.,Disaster Group,Disaster Type,Event Name,Latitude,Longitude,Start Year,Start Month,Start Day,End Year,End Month,End Day,Total Deaths,Total Affected,Insured Damage ('000 US$),"Insured Damage, Adjusted ('000 US$)",Total Damage ('000 US$),"Total Damage, Adjusted ('000 US$)",Corrected province
2000-0361-VNM,Natural,Storm,,,,2000,6.0,12.0,2000,6.0,12.0,3.0,129.0,,,,,
2000-0408-VNM,Natural,Flood,,,,2000,7.0,,2000,11.0,,460.0,5000004.0,,,250000.0,424876.0,
2000-0408-VNM,Natural,Flood,,,,2000,7.0,,2000,11.0,,460.0,5000004.0,,,250000.0,424876.0,Kiên Giang
2000-0408-VNM,Natural,Flood,,,,2000,7.0,,2000,11.0,,460.0,5000004.0,,,250000.0,424876.0,Long An
2000-0408-VNM,Natural,Flood,,,,2000,7.0,,2000,11.0,,460.0,5000004.0,,,250000.0,424876.0,Vĩnh Long
2000-0408-VNM,Natural,Flood,,,,2000,7.0,,2000,11.0,,460.0,5000004.0,,,250000.0,424876.0,An Giang
2000-0408-VNM,Natural,Flood,,,,2000,7.0,,2000,11.0,,460.0,5000004.0,,,250000.0,424876.0,
2000-0408-VNM,Natural,Flood,,,,2000,7.0,,2000,11.0,,460.0,5000004.0,,,250000.0,424876.0,Tiền Giang
2000-0448-VNM,Natural,Storm,,,,2000,7.0,10.0,2000,7.0,10.0,,2005.0,,,,,
2000-0518-VNM,Natural,Storm,Kaemi,,,2000,8.0,20.0,2000,8.0,20.0,15.0,4.0,,,5000.0,8498.0,
2000-0518-VNM,Natural,Storm,Kaemi,,,2000,8.0,20.0,2000,8.0,20.0,15.0,4.0,,,5000.0,8498.0,Quảng Ninh
2000-0518-VNM,Natural,Storm,Kaemi,,,2000,8.0,20.0,2000,8.0,20.0,15.0,4.0,,,5000.0,8498.0,
2000-0518-VNM,Natural,Storm,Kaemi,,,2000,8.0,20.0,2000,8.0,20.0,15.0,4.0,,,5000.0,8498.0,
2000-0518-VNM,Natural,Storm,Kaemi,,,2000,8.0,20.0,2000,8.0,20.0,15.0,4.0,,,5000.0,8498.0,Quảng Ngãi
2000-0518-VNM,Natural,Storm,Kaemi,,,2000,8.0,20.0,2000,8.0,20.0,15.0,4.0,,,5000.0,8498.0,Quảng Nam
2000-0518-VNM,Natural,Storm,Kaemi,,,2000,8.0,20.0,2000,8.0,20.0,15.0,4.0,,,5000.0,8498.0,
2000-0540-VNM,Natural,Storm,,,,2000,8.0,24.0,2000,8.0,24.0,,5730.0,,,,,
2000-0540-VNM,Natural,Storm,,,,2000,8.0,24.0,2000,8.0,24.0,,5730.0,,,,,
2000-0541-VNM,Natural,Storm,,,,2000,8.0,24.0,2000,8.0,24.0,,503.0,,,35.0,59.0,
2000-0542-VNM,Natural,Storm,,,,2000,8.0,24.0,2000,8.0,24.0,,134.0,,,,,
2000-0582-VNM,Natural,Storm,Wukong,,,2000,9.0,10.0,2000,9.0,10.0,5.0,6029.0,,,21000.0,35690.0,
2000-0582-VNM,Natural,Storm,Wukong,,,2000,9.0,10.0,2000,9.0,10.0,5.0,6029.0,,,21000.0,35690.0,Thanh Hóa
2000-0582-VNM,Natural,Storm,Wukong,,,2000,9.0,10.0,2000,9.0,10.0,5.0,6029.0,,,21000.0,35690.0,
2000-0748-VNM,Natural,Flood,,,,2000,11.0,18.0,2000,11.0,26.0,36.0,25003.0,,,15000.0,25493.0,Ninh Thuận
2000-0748-VNM,Natural,Flood,,,,2000,11.0,18.0,2000,11.0,26.0,36.0,25003.0,,,15000.0,25493.0,Ninh Thuận
2000-0748-VNM,Natural,Flood,,,,2000,11.0,18.0,2000,11.0,26.0,36.0,25003.0,,,15000.0,25493.0,Quảng Ngãi
2000-0748-VNM,Natural,Flood,,,,2000,11.0,18.0,2000,11.0,26.0,36.0,25003.0,,,15000.0,25493.0,
2000-0748-VNM,Natural,Flood,,,,2000,11.0,18.0,2000,11.0,26.0,36.0,25003.0,,,15000.0,25493.0,
2000-0748-VNM,Natural,Flood,,,,2000,11.0,18.0,2000,11.0,26.0,36.0,25003.0,,,15000.0,25493.0,
2000-0748-VNM,Natural,Flood,,,,2000,11.0,18.0,2000,11.0,26.0,36.0,25003.0,,,15000.0,25493.0,
2000-0748-VNM,Natural,Flood,,,,2000,11.0,18.0,2000,11.0,26.0,36.0,25003.0,,,15000.0,25493.0,Quảng Nam
2000-0748-VNM,Natural,Flood,,,,2000,11.0,18.0,2000,11.0,26.0,36.0,25003.0,,,15000.0,25493.0,
2001-0318-VNM,Natural,Storm,Durian,,,2001,7.0,4.0,2001,7.0,4.0,30.0,117453.0,,,25000.0,41320.0,
2001-0318-VNM,Natural,Storm,Durian,,,2001,7.0,4.0,2001,7.0,4.0,30.0,117453.0,,,25000.0,41320.0,Thái Nguyên
2001-0318-VNM,Natural,Storm,Durian,,,2001,7.0,4.0,2001,7.0,4.0,30.0,117453.0,,,25000.0,41320.0,Tuyên Quang
2001-0361-VNM,Natural,Flood,,,,2001,6.0,30.0,2001,6.0,30.0,9.0,175.0,,,,,
2001-0361-VNM,Natural,Flood,,,,2001,6.0,30.0,2001,6.0,30.0,9.0,175.0,,,,,
2001-0361-VNM,Natural,Flood,,,,2001,6.0,30.0,2001,6.0,30.0,9.0,175.0,,,,,
2001-0436-VNM,Natural,Storm,Usagi,,,2001,8.0,11.0,2001,8.0,11.0,3.0,10003.0,,,3200.0,5289.0,Thanh Hóa
2001-0436-VNM,Natural,Storm,Usagi,,,2001,8.0,11.0,2001,8.0,11.0,3.0,10003.0,,,3200.0,5289.0,Nghệ An
2001-0436-VNM,Natural,Storm,Usagi,,,2001,8.0,11.0,2001,8.0,11.0,3.0,10003.0,,,3200.0,5289.0,Quảng Ninh
2001-0436-VNM,Natural,Storm,Usagi,,,2001,8.0,11.0,2001,8.0,11.0,3.0,10003.0,,,3200.0,5289.0,
2001-0492-VNM,Natural,Flood,,,,2001,8.0,15.0,2001,11.0,19.0,310.0,1570270.0,,,84000.0,138835.0,
2001-0492-VNM,Natural,Flood,,,,2001,8.0,15.0,2001,11.0,19.0,310.0,1570270.0,,,84000.0,138835.0,
2001-0492-VNM,Natural,Flood,,,,2001,8.0,15.0,2001,11.0,19.0,310.0,1570270.0,,,84000.0,138835.0,Kiên Giang
2001-0492-VNM,Natural,Flood,,,,2001,8.0,15.0,2001,11.0,19.0,310.0,1570270.0,,,84000.0,138835.0,Long An
2001-0492-VNM,Natural,Flood,,,,2001,8.0,15.0,2001,11.0,19.0,310.0,1570270.0,,,84000.0,138835.0,Vĩnh Long
2001-0492-VNM,Natural,Flood,,,,2001,8.0,15.0,2001,11.0,19.0,310.0,1570270.0,,,84000.0,138835.0,
2001-0492-VNM,Natural,Flood,,,,2001,8.0,15.0,2001,11.0,19.0,310.0,1570270.0,,,84000.0,138835.0,An Giang
2001-0492-VNM,Natural,Flood,,,,2001,8.0,15.0,2001,11.0,19.0,310.0,1570270.0,,,84000.0,138835.0,
2001-0492-VNM,Natural,Flood,,,,2001,8.0,15.0,2001,11.0,19.0,310.0,1570270.0,,,84000.0,138835.0,Trà Vinh
2001-0492-VNM,Natural,Flood,,,,2001,8.0,15.0,2001,11.0,19.0,310.0,1570270.0,,,84000.0,138835.0,Bến Tre
2001-0492-VNM,Natural,Flood,,,,2001,8.0,15.0,2001,11.0,19.0,310.0,1570270.0,,,84000.0,138835.0,Tiền Giang
2001-0587-VNM,Natural,Flood,,,,2001,10.0,20.0,2001,10.0,24.0,20.0,35006.0,,,4700.0,7768.0,
2001-0587-VNM,Natural,Flood,,,,2001,10.0,20.0,2001,10.0,24.0,20.0,35006.0,,,4700.0,7768.0,
2001-0587-VNM,Natural,Flood,,,,2001,10.0,20.0,2001,10.0,24.0,20.0,35006.0,,,4700.0,7768.0,
2001-0587-VNM,Natural,Flood,,,,2001,10.0,20.0,2001,10.0,24.0,20.0,35006.0,,,4700.0,7768.0,Nghệ An
2001-0587-VNM,Natural,Flood,,,,2001,10.0,20.0,2001,10.0,24.0,20.0,35006.0,,,4700.0,7768.0,Quảng Ngãi
2001-0587-VNM,Natural,Flood,,,,2001,10.0,20.0,2001,10.0,24.0,20.0,35006.0,,,4700.0,7768.0,Quảng Nam
2001-0624-VNM,Natural,Storm,Lingling (Nanang),,,2001,11.0,12.0,2001,11.0,12.0,20.0,73183.0,,,55000.0,90904.0,
2001-0624-VNM,Natural,Storm,Lingling (Nanang),,,2001,11.0,12.0,2001,11.0,12.0,20.0,73183.0,,,55000.0,90904.0,Quảng Ngãi
2001-0624-VNM,Natural,Storm,Lingling (Nanang),,,2001,11.0,12.0,2001,11.0,12.0,20.0,73183.0,,,55000.0,90904.0,
2001-0624-VNM,Natural,Storm,Lingling (Nanang),,,2001,11.0,12.0,2001,11.0,12.0,20.0,73183.0,,,55000.0,90904.0,
2001-0654-VNM,Natural,Flood,,,,2001,11.0,4.0,2001,11.0,4.0,,3000.0,,,,,
2002-0470-VNM,Natural,Flood,,,,2002,7.0,31.0,2002,8.0,6.0,10.0,2000.0,,,2200.0,3579.0,Lào Cai
2002-0470-VNM,Natural,Flood,,,,2002,7.0,31.0,2002,8.0,6.0,10.0,2000.0,,,2200.0,3579.0,Hà Giang
2002-0470-VNM,Natural,Flood,,,,2002,7.0,31.0,2002,8.0,6.0,10.0,2000.0,,,2200.0,3579.0,Lai Châu
2002-0470-VNM,Natural,Flood,,,,2002,7.0,31.0,2002,8.0,6.0,10.0,2000.0,,,2200.0,3579.0,
2002-0470-VNM,Natural,Flood,,,,2002,7.0,31.0,2002,8.0,6.0,10.0,2000.0,,,2200.0,3579.0,Tuyên Quang
2002-0470-VNM,Natural,Flood,,,,2002,7.0,31.0,2002,8.0,6.0,10.0,2000.0,,,2200.0,3579.0,
2002-0470-VNM,Natural,Flood,,,,2002,7.0,31.0,2002,8.0,6.0,10.0,2000.0,,,2200.0,3579.0,Sơn La
2002-0580-VNM,Natural,Flood,,,,2002,9.0,,2002,9.0,,82.0,1138200.0,,,23900.0,38885.0,Long An
2002-0580-VNM,Natural,Flood,,,,2002,9.0,,2002,9.0,,82.0,1138200.0,,,23900.0,38885.0,An Giang
2002-0580-VNM,Natural,Flood,,,,2002,9.0,,2002,9.0,,82.0,1138200.0,,,23900.0,38885.0,
2002-0610-VNM,Natural,Flood,,,,2002,9.0,20.0,2002,9.0,30.0,55.0,291616.0,,,58000.0,94365.0,Nghệ An
2002-0610-VNM,Natural,Flood,,,,2002,9.0,20.0,2002,9.0,30.0,55.0,291616.0,,,58000.0,94365.0,
2002-0725-VNM,Natural,Storm,,,,2002,10.0,,2002,10.0,,,1800.0,,,100.0,163.0,Long An
2002-9132-VNM,Natural,Drought,,,,2002,5.0,,2002,,,,1300000.0,,,200000.0,325398.0,Kiên Giang
2002-9132-VNM,Natural,Drought,,,,2002,5.0,,2002,,,,1300000.0,,,200000.0,325398.0,Long An
2002-9132-VNM,Natural,Drought,,,,2002,5.0,,2002,,,,1300000.0,,,200000.0,325398.0,An Giang
2003-0437-VNM,Natural,Storm,Koni,,,2003,7.0,23.0,2003,7.0,23.0,,5018.0,,,,,
2003-0437-VNM,Natural,Storm,Koni,,,2003,7.0,23.0,2003,7.0,23.0,,5018.0,,,,,Thanh Hóa
2003-0437-VNM,Natural,Storm,Koni,,,2003,7.0,23.0,2003,7.0,23.0,,5018.0,,,,,
2003-0437-VNM,Natural,Storm,Koni,,,2003,7.0,23.0,2003,7.0,23.0,,5018.0,,,,,
2003-0437-VNM,Natural,Storm,Koni,,,2003,7.0,23.0,2003,7.0,23.0,,5018.0,,,,,Tuyên Quang
2003-0437-VNM,Natural,Storm,Koni,,,2003,7.0,23.0,2003,7.0,23.0,,5018.0,,,,,Sơn La
2003-0437-VNM,Natural,Storm,Koni,,,2003,7.0,23.0,2003,7.0,23.0,,5018.0,,,,,
2003-0437-VNM,Natural,Storm,Koni,,,2003,7.0,23.0,2003,7.0,23.0,,5018.0,,,,,
2003-0437-VNM,Natural,Storm,Koni,,,2003,7.0,23.0,2003,7.0,23.0,,5018.0,,,,,Lào Cai
2003-0437-VNM,Natural,Storm,Koni,,,2003,7.0,23.0,2003,7.0,23.0,,5018.0,,,,,Thái Nguyên
2003-0437-VNM,Natural,Storm,Koni,,,2003,7.0,23.0,2003,7.0,23.0,,5018.0,,,,,Quảng Ninh
2003-0437-VNM,Natural,Storm,Koni,,,2003,7.0,23.0,2003,7.0,23.0,,5018.0,,,,,
2003-0437-VNM,Natural,Storm,Koni,,,2003,7.0,23.0,2003,7.0,23.0,,5018.0,,,,,Bắc Giang
2003-0437-VNM,Natural,Storm,Koni,,,2003,7.0,23.0,2003,7.0,23.0,,5018.0,,,,,Hà Giang
2003-0437-VNM,Natural,Storm,Koni,,,2003,7.0,23.0,2003,7.0,23.0,,5018.0,,,,,
2003-0437-VNM,Natural,Storm,Koni,,,2003,7.0,23.0,2003,7.0,23.0,,5018.0,,,,,Ninh Bình
2003-0437-VNM,Natural,Storm,Koni,,,2003,7.0,23.0,2003,7.0,23.0,,5018.0,,,,,Cao Bằng
2003-0437-VNM,Natural,Storm,Koni,,,2003,7.0,23.0,2003,7.0,23.0,,5018.0,,,,,
2003-0437-VNM,Natural,Storm,Koni,,,2003,7.0,23.0,2003,7.0,23.0,,5018.0,,,,,
2003-0437-VNM,Natural,Storm,Koni,,,2003,7.0,23.0,2003,7.0,23.0,,5018.0,,,,,
2003-0437-VNM,Natural,Storm,Koni,,,2003,7.0,23.0,2003,7.0,23.0,,5018.0,,,,,
2003-0437-VNM,Natural,Storm,Koni,,,2003,7.0,23.0,2003,7.0,23.0,,5018.0,,,,,Lai Châu
2003-0437-VNM,Natural,Storm,Koni,,,2003,7.0,23.0,2003,7.0,23.0,,5018.0,,,,,Bắc Ninh
2003-0437-VNM,Natural,Storm,Koni,,,2003,7.0,23.0,2003,7.0,23.0,,5018.0,,,,,
2003-0437-VNM,Natural,Storm,Koni,,,2003,7.0,23.0,2003,7.0,23.0,,5018.0,,,,,
2003-0437-VNM,Natural,Storm,Koni,,,2003,7.0,23.0,2003,7.0,23.0,,5018.0,,,,,
2003-0437-VNM,Natural,Storm,Koni,,,2003,7.0,23.0,2003,7.0,23.0,,5018.0,,,,,Quảng Nam
2003-0505-VNM,Natural,Flood,,,,2003,10.0,15.0,2003,10.0,22.0,52.0,221774.0,,,32000.0,50908.0,
2003-0505-VNM,Natural,Flood,,,,2003,10.0,15.0,2003,10.0,22.0,52.0,221774.0,,,32000.0,50908.0,
2003-0505-VNM,Natural,Flood,,,,2003,10.0,15.0,2003,10.0,22.0,52.0,221774.0,,,32000.0,50908.0,
2003-0505-VNM,Natural,Flood,,,,2003,10.0,15.0,2003,10.0,22.0,52.0,221774.0,,,32000.0,50908.0,Quảng Ngãi
2003-0505-VNM,Natural,Flood,,,,2003,10.0,15.0,2003,10.0,22.0,52.0,221774.0,,,32000.0,50908.0,Quảng Nam
2003-0505-VNM,Natural,Flood,,,,2003,10.0,15.0,2003,10.0,22.0,52.0,221774.0,,,32000.0,50908.0,
2003-0557-VNM,Natural,Flood,,,,2003,11.0,11.0,2003,11.0,14.0,61.0,194049.0,,,35000.0,55681.0,Ninh Thuận
2003-0557-VNM,Natural,Flood,,,,2003,11.0,11.0,2003,11.0,14.0,61.0,194049.0,,,35000.0,55681.0,
2003-0557-VNM,Natural,Flood,,,,2003,11.0,11.0,2003,11.0,14.0,61.0,194049.0,,,35000.0,55681.0,
2003-0557-VNM,Natural,Flood,,,,2003,11.0,11.0,2003,11.0,14.0,61.0,194049.0,,,35000.0,55681.0,
2003-0557-VNM,Natural,Flood,,,,2003,11.0,11.0,2003,11.0,14.0,61.0,194049.0,,,35000.0,55681.0,
2003-0557-VNM,Natural,Flood,,,,2003,11.0,11.0,2003,11.0,14.0,61.0,194049.0,,,35000.0,55681.0,Quảng Nam
2003-0672-VNM,Natural,Flood,,,,2003,9.0,10.0,2003,9.0,14.0,15.0,1000.0,38000.0,60453.0,38000.0,60453.0,Lào Cai
2003-0672-VNM,Natural,Flood,,,,2003,9.0,10.0,2003,9.0,14.0,15.0,1000.0,38000.0,60453.0,38000.0,60453.0,
2003-0672-VNM,Natural,Flood,,,,2003,9.0,10.0,2003,9.0,14.0,15.0,1000.0,38000.0,60453.0,38000.0,60453.0,Nghệ An
2003-0672-VNM,Natural,Flood,,,,2003,9.0,10.0,2003,9.0,14.0,15.0,1000.0,38000.0,60453.0,38000.0,60453.0,
2003-0672-VNM,Natural,Flood,,,,2003,9.0,10.0,2003,9.0,14.0,15.0,1000.0,38000.0,60453.0,38000.0,60453.0,
2004-0258-VNM,Natural,Storm,Chanthu (Gener/08W),,,2004,6.0,7.0,2004,6.0,11.0,14.0,905.0,,,7000.0,10846.0,Quảng Ngãi
2004-0258-VNM,Natural,Storm,Chanthu (Gener/08W),,,2004,6.0,7.0,2004,6.0,11.0,14.0,905.0,,,7000.0,10846.0,
2004-0258-VNM,Natural,Storm,Chanthu (Gener/08W),,,2004,6.0,7.0,2004,6.0,11.0,14.0,905.0,,,7000.0,10846.0,
2004-0328-VNM,Natural,Flood,,,,2004,4.0,16.0,2004,4.0,17.0,9.0,5000.0,,,,,
2004-0328-VNM,Natural,Flood,,,,2004,4.0,16.0,2004,4.0,17.0,9.0,5000.0,,,,,
2004-0328-VNM,Natural,Flood,,,,2004,4.0,16.0,2004,4.0,17.0,9.0,5000.0,,,,,
2004-0354-VNM,Natural,Flood,,,,2004,7.0,18.0,2004,7.0,28.0,53.0,18.0,,,8000.0,12395.0,TP.Hồ Chí Minh
2004-0354-VNM,Natural,Flood,,,,2004,7.0,18.0,2004,7.0,28.0,53.0,18.0,,,8000.0,12395.0,
2004-0580-VNM,Natural,Storm,Muifa (Unding/29W),,,2004,11.0,26.0,2004,11.0,26.0,56.0,500000.0,,,23000.0,35636.0,Quảng Ninh
2004-0580-VNM,Natural,Storm,Muifa (Unding/29W),,,2004,11.0,26.0,2004,11.0,26.0,56.0,500000.0,,,23000.0,35636.0,
2004-0580-VNM,Natural,Storm,Muifa (Unding/29W),,,2004,11.0,26.0,2004,11.0,26.0,56.0,500000.0,,,23000.0,35636.0,Quảng Ngãi
2004-0580-VNM,Natural,Storm,Muifa (Unding/29W),,,2004,11.0,26.0,2004,11.0,26.0,56.0,500000.0,,,23000.0,35636.0,Quảng Nam
2004-0580-VNM,Natural,Storm,Muifa (Unding/29W),,,2004,11.0,26.0,2004,11.0,26.0,56.0,500000.0,,,23000.0,35636.0,
2004-0735-VNM,Natural,Flood,,,,2004,8.0,24.0,2004,10.0,21.0,34.0,30000.0,,,,,
2004-0735-VNM,Natural,Flood,,,,2004,8.0,24.0,2004,10.0,21.0,34.0,30000.0,,,,,Kiên Giang
2004-0735-VNM,Natural,Flood,,,,2004,8.0,24.0,2004,10.0,21.0,34.0,30000.0,,,,,Long An
2004-0735-VNM,Natural,Flood,,,,2004,8.0,24.0,2004,10.0,21.0,34.0,30000.0,,,,,Vĩnh Long
2004-0735-VNM,Natural,Flood,,,,2004,8.0,24.0,2004,10.0,21.0,34.0,30000.0,,,,,An Giang
2004-0735-VNM,Natural,Flood,,,,2004,8.0,24.0,2004,10.0,21.0,34.0,30000.0,,,,,
2005-0315-VNM,Natural,Flood,,,,2005,5.0,26.0,2005,5.0,26.0,,593.0,,,,,Ninh Thuận
2005-0476-VNM,Natural,Storm,,,,2005,8.0,13.0,2005,8.0,16.0,13.0,6500.0,,,,,Nghệ An
2005-0536-VNM,Natural,Storm,Vicente,,,2005,9.0,18.0,2005,9.0,19.0,8.0,8500.0,,,20000.0,29971.0,Thanh Hóa
2005-0536-VNM,Natural,Storm,Vicente,,,2005,9.0,18.0,2005,9.0,19.0,8.0,8500.0,,,20000.0,29971.0,Nghệ An
2005-0536-VNM,Natural,Storm,Vicente,,,2005,9.0,18.0,2005,9.0,19.0,8.0,8500.0,,,20000.0,29971.0,
2005-0540-VNM,Natural,Storm,Damrey,,,2005,9.0,27.0,2005,9.0,30.0,75.0,337660.0,,,219250.0,328558.0,Lào Cai
2005-0540-VNM,Natural,Storm,Damrey,,,2005,9.0,27.0,2005,9.0,30.0,75.0,337660.0,,,219250.0,328558.0,
2005-0540-VNM,Natural,Storm,Damrey,,,2005,9.0,27.0,2005,9.0,30.0,75.0,337660.0,,,219250.0,328558.0,
2005-0540-VNM,Natural,Storm,Damrey,,,2005,9.0,27.0,2005,9.0,30.0,75.0,337660.0,,,219250.0,328558.0,Thanh Hóa
2005-0540-VNM,Natural,Storm,Damrey,,,2005,9.0,27.0,2005,9.0,30.0,75.0,337660.0,,,219250.0,328558.0,
2005-0540-VNM,Natural,Storm,Damrey,,,2005,9.0,27.0,2005,9.0,30.0,75.0,337660.0,,,219250.0,328558.0,
2005-0540-VNM,Natural,Storm,Damrey,,,2005,9.0,27.0,2005,9.0,30.0,75.0,337660.0,,,219250.0,328558.0,
2005-0540-VNM,Natural,Storm,Damrey,,,2005,9.0,27.0,2005,9.0,30.0,75.0,337660.0,,,219250.0,328558.0,Nghệ An
2005-0540-VNM,Natural,Storm,Damrey,,,2005,9.0,27.0,2005,9.0,30.0,75.0,337660.0,,,219250.0,328558.0,Quảng Ninh
2005-0540-VNM,Natural,Storm,Damrey,,,2005,9.0,27.0,2005,9.0,30.0,75.0,337660.0,,,219250.0,328558.0,
2005-0540-VNM,Natural,Storm,Damrey,,,2005,9.0,27.0,2005,9.0,30.0,75.0,337660.0,,,219250.0,328558.0,Quảng Nam
2005-0540-VNM,Natural,Storm,Damrey,,,2005,9.0,27.0,2005,9.0,30.0,75.0,337660.0,,,219250.0,328558.0,
2005-0584-VNM,Natural,Flood,,,,2005,10.0,7.0,2005,10.0,10.0,17.0,10000.0,,,15000.0,22478.0,Quảng Ninh
2005-0584-VNM,Natural,Flood,,,,2005,10.0,7.0,2005,10.0,10.0,17.0,10000.0,,,15000.0,22478.0,
2005-0584-VNM,Natural,Flood,,,,2005,10.0,7.0,2005,10.0,10.0,17.0,10000.0,,,15000.0,22478.0,
2005-0584-VNM,Natural,Flood,,,,2005,10.0,7.0,2005,10.0,10.0,17.0,10000.0,,,15000.0,22478.0,Quảng Ngãi
2005-0611-VNM,Natural,Storm,Kai Tak (21),,,2005,11.0,2.0,2005,11.0,4.0,20.0,15000.0,,,11000.0,16484.0,
2005-0611-VNM,Natural,Storm,Kai Tak (21),,,2005,11.0,2.0,2005,11.0,4.0,20.0,15000.0,,,11000.0,16484.0,Quảng Nam
2005-0611-VNM,Natural,Storm,Kai Tak (21),,,2005,11.0,2.0,2005,11.0,4.0,20.0,15000.0,,,11000.0,16484.0,
2005-0611-VNM,Natural,Storm,Kai Tak (21),,,2005,11.0,2.0,2005,11.0,4.0,20.0,15000.0,,,11000.0,16484.0,
2005-0628-VNM,Natural,Flood,,,,2005,10.0,20.0,2005,10.0,28.0,67.0,33800.0,,,12000.0,17983.0,Gia Lai
2005-0628-VNM,Natural,Flood,,,,2005,10.0,20.0,2005,10.0,28.0,67.0,33800.0,,,12000.0,17983.0,
2005-0628-VNM,Natural,Flood,,,,2005,10.0,20.0,2005,10.0,28.0,67.0,33800.0,,,12000.0,17983.0,
2005-0628-VNM,Natural,Flood,,,,2005,10.0,20.0,2005,10.0,28.0,67.0,33800.0,,,12000.0,17983.0,
2005-0628-VNM,Natural,Flood,,,,2005,10.0,20.0,2005,10.0,28.0,67.0,33800.0,,,12000.0,17983.0,
2005-0628-VNM,Natural,Flood,,,,2005,10.0,20.0,2005,10.0,28.0,67.0,33800.0,,,12000.0,17983.0,Quảng Ngãi
2005-0694-VNM,Natural,Flood,,,,2005,12.0,4.0,2005,12.0,24.0,69.0,18000.0,,,27000.0,40461.0,Ninh Thuận
2005-0694-VNM,Natural,Flood,,,,2005,12.0,4.0,2005,12.0,24.0,69.0,18000.0,,,27000.0,40461.0,Ninh Thuận
2005-0694-VNM,Natural,Flood,,,,2005,12.0,4.0,2005,12.0,24.0,69.0,18000.0,,,27000.0,40461.0,Quảng Ngãi
2005-0694-VNM,Natural,Flood,,,,2005,12.0,4.0,2005,12.0,24.0,69.0,18000.0,,,27000.0,40461.0,
2005-0694-VNM,Natural,Flood,,,,2005,12.0,4.0,2005,12.0,24.0,69.0,18000.0,,,27000.0,40461.0,
2005-0694-VNM,Natural,Flood,,,,2005,12.0,4.0,2005,12.0,24.0,69.0,18000.0,,,27000.0,40461.0,
2005-0694-VNM,Natural,Flood,,,,2005,12.0,4.0,2005,12.0,24.0,69.0,18000.0,,,27000.0,40461.0,
2005-0694-VNM,Natural,Flood,,,,2005,12.0,4.0,2005,12.0,24.0,69.0,18000.0,,,27000.0,40461.0,Quảng Nam
2005-0822-VNM,Natural,Flood,,,,2005,9.0,8.0,2005,9.0,29.0,39.0,30000.0,,,,,
2005-0822-VNM,Natural,Flood,,,,2005,9.0,8.0,2005,9.0,29.0,39.0,30000.0,,,,,
2005-0822-VNM,Natural,Flood,,,,2005,9.0,8.0,2005,9.0,29.0,39.0,30000.0,,,,,An Giang
2005-0822-VNM,Natural,Flood,,,,2005,9.0,8.0,2005,9.0,29.0,39.0,30000.0,,,,,
2005-0822-VNM,Natural,Flood,,,,2005,9.0,8.0,2005,9.0,29.0,39.0,30000.0,,,,,
2005-9277-VNM,Natural,Drought,,,,2005,5.0,,2005,,,,410000.0,,,42120.0,63119.0,Bến Tre
2006-0211-VNM,Natural,Storm,,,,2006,4.0,7.0,2006,4.0,7.0,1.0,1005.0,,,,,
2006-0251-VNM,Natural,Storm,Chanchu (Caloy),,,2006,5.0,17.0,2006,5.0,17.0,204.0,600000.0,,,,,Quảng Nam
2006-0362-VNM,Natural,Storm,Bilis,24.0,112.11,2006,7.0,11.0,2006,7.0,19.0,17.0,2000.0,,,,,
2006-0362-VNM,Natural,Storm,Bilis,24.0,112.11,2006,7.0,11.0,2006,7.0,19.0,17.0,2000.0,,,,,Hà Giang
2006-0362-VNM,Natural,Storm,Bilis,24.0,112.11,2006,7.0,11.0,2006,7.0,19.0,17.0,2000.0,,,,,
2006-0362-VNM,Natural,Storm,Bilis,24.0,112.11,2006,7.0,11.0,2006,7.0,19.0,17.0,2000.0,,,,,Thái Nguyên
2006-0362-VNM,Natural,Storm,Bilis,24.0,112.11,2006,7.0,11.0,2006,7.0,19.0,17.0,2000.0,,,,,
2006-0362-VNM,Natural,Storm,Bilis,24.0,112.11,2006,7.0,11.0,2006,7.0,19.0,17.0,2000.0,,,,,Cao Bằng
2006-0366-VNM,Natural,Flood,,,,2006,7.0,9.0,2006,7.0,11.0,4.0,100.0,,,1000.0,1452.0,
2006-0429-VNM,Natural,Flood,,,,2006,7.0,18.0,2006,7.0,18.0,12.0,2000.0,,,,,
2006-0429-VNM,Natural,Flood,,,,2006,7.0,18.0,2006,7.0,18.0,12.0,2000.0,,,,,
2006-0429-VNM,Natural,Flood,,,,2006,7.0,18.0,2006,7.0,18.0,12.0,2000.0,,,,,
2006-0446-VNM,Natural,Flood,,17.76,106.15,2006,8.0,12.0,2006,8.0,30.0,42.0,50020.0,,,8000.0,11614.0,
2006-0446-VNM,Natural,Flood,,17.76,106.15,2006,8.0,12.0,2006,8.0,30.0,42.0,50020.0,,,8000.0,11614.0,
2006-0446-VNM,Natural,Flood,,17.76,106.15,2006,8.0,12.0,2006,8.0,30.0,42.0,50020.0,,,8000.0,11614.0,Ninh Thuận
2006-0446-VNM,Natural,Flood,,17.76,106.15,2006,8.0,12.0,2006,8.0,30.0,42.0,50020.0,,,8000.0,11614.0,Thanh Hóa
2006-0446-VNM,Natural,Flood,,17.76,106.15,2006,8.0,12.0,2006,8.0,30.0,42.0,50020.0,,,8000.0,11614.0,Quảng Ninh
2006-0446-VNM,Natural,Flood,,17.76,106.15,2006,8.0,12.0,2006,8.0,30.0,42.0,50020.0,,,8000.0,11614.0,
2006-0446-VNM,Natural,Flood,,17.76,106.15,2006,8.0,12.0,2006,8.0,30.0,42.0,50020.0,,,8000.0,11614.0,
2006-0446-VNM,Natural,Flood,,17.76,106.15,2006,8.0,12.0,2006,8.0,30.0,42.0,50020.0,,,8000.0,11614.0,
2006-0446-VNM,Natural,Flood,,17.76,106.15,2006,8.0,12.0,2006,8.0,30.0,42.0,50020.0,,,8000.0,11614.0,
2006-0446-VNM,Natural,Flood,,17.76,106.15,2006,8.0,12.0,2006,8.0,30.0,42.0,50020.0,,,8000.0,11614.0,Nghệ An
2006-0446-VNM,Natural,Flood,,17.76,106.15,2006,8.0,12.0,2006,8.0,30.0,42.0,50020.0,,,8000.0,11614.0,
2006-0446-VNM,Natural,Flood,,17.76,106.15,2006,8.0,12.0,2006,8.0,30.0,42.0,50020.0,,,8000.0,11614.0,Cao Bằng
2006-0446-VNM,Natural,Flood,,17.76,106.15,2006,8.0,12.0,2006,8.0,30.0,42.0,50020.0,,,8000.0,11614.0,
2006-0446-VNM,Natural,Flood,,17.76,106.15,2006,8.0,12.0,2006,8.0,30.0,42.0,50020.0,,,8000.0,11614.0,
2006-0451-VNM,Natural,Flood,,11.06,104.68,2006,8.0,10.0,2006,11.0,1.0,60.0,,,,,,An Giang
2006-0451-VNM,Natural,Flood,,11.06,104.68,2006,8.0,10.0,2006,11.0,1.0,60.0,,,,,,
2006-0517-VNM,Natural,Storm,Xangsane (Milenyo),16.68,107.21,2006,9.0,27.0,2006,10.0,6.0,71.0,1467925.0,,,624000.0,905874.0,
2006-0517-VNM,Natural,Storm,Xangsane (Milenyo),16.68,107.21,2006,9.0,27.0,2006,10.0,6.0,71.0,1467925.0,,,624000.0,905874.0,
2006-0517-VNM,Natural,Storm,Xangsane (Milenyo),16.68,107.21,2006,9.0,27.0,2006,10.0,6.0,71.0,1467925.0,,,624000.0,905874.0,Quảng Ngãi
2006-0517-VNM,Natural,Storm,Xangsane (Milenyo),16.68,107.21,2006,9.0,27.0,2006,10.0,6.0,71.0,1467925.0,,,624000.0,905874.0,Quảng Nam
2006-0517-VNM,Natural,Storm,Xangsane (Milenyo),16.68,107.21,2006,9.0,27.0,2006,10.0,6.0,71.0,1467925.0,,,624000.0,905874.0,
2006-0648-VNM,Natural,Storm,Durian (Reming),10.33,106.74,2006,11.0,30.0,2006,12.0,8.0,95.0,1226360.0,,,456000.0,661985.0,
2006-0648-VNM,Natural,Storm,Durian (Reming),10.33,106.74,2006,11.0,30.0,2006,12.0,8.0,95.0,1226360.0,,,456000.0,661985.0,Ninh Thuận
2006-0648-VNM,Natural,Storm,Durian (Reming),10.33,106.74,2006,11.0,30.0,2006,12.0,8.0,95.0,1226360.0,,,456000.0,661985.0,
2006-0648-VNM,Natural,Storm,Durian (Reming),10.33,106.74,2006,11.0,30.0,2006,12.0,8.0,95.0,1226360.0,,,456000.0,661985.0,Long An
2006-0648-VNM,Natural,Storm,Durian (Reming),10.33,106.74,2006,11.0,30.0,2006,12.0,8.0,95.0,1226360.0,,,456000.0,661985.0,Vĩnh Long
2006-0648-VNM,Natural,Storm,Durian (Reming),10.33,106.74,2006,11.0,30.0,2006,12.0,8.0,95.0,1226360.0,,,456000.0,661985.0,
2006-0648-VNM,Natural,Storm,Durian (Reming),10.33,106.74,2006,11.0,30.0,2006,12.0,8.0,95.0,1226360.0,,,456000.0,661985.0,An Giang
2006-0648-VNM,Natural,Storm,Durian (Reming),10.33,106.74,2006,11.0,30.0,2006,12.0,8.0,95.0,1226360.0,,,456000.0,661985.0,
2006-0648-VNM,Natural,Storm,Durian (Reming),10.33,106.74,2006,11.0,30.0,2006,12.0,8.0,95.0,1226360.0,,,456000.0,661985.0,
2006-0648-VNM,Natural,Storm,Durian (Reming),10.33,106.74,2006,11.0,30.0,2006,12.0,8.0,95.0,1226360.0,,,456000.0,661985.0,Trà Vinh
2006-0648-VNM,Natural,Storm,Durian (Reming),10.33,106.74,2006,11.0,30.0,2006,12.0,8.0,95.0,1226360.0,,,456000.0,661985.0,Bến Tre
2006-0648-VNM,Natural,Storm,Durian (Reming),10.33,106.74,2006,11.0,30.0,2006,12.0,8.0,95.0,1226360.0,,,456000.0,661985.0,Tiền Giang
2006-0659-VNM,Natural,Storm,,,,2006,11.0,20.0,2006,11.0,20.0,13.0,,,,10000.0,14517.0,Quảng Ninh
2006-0736-VNM,Natural,Flood,,,,2006,10.0,12.0,2006,10.0,17.0,60.0,,,,,,
2006-0736-VNM,Natural,Flood,,,,2006,10.0,12.0,2006,10.0,17.0,60.0,,,,,,
2006-0736-VNM,Natural,Flood,,,,2006,10.0,12.0,2006,10.0,17.0,60.0,,,,,,Thanh Hóa
2006-0736-VNM,Natural,Flood,,,,2006,10.0,12.0,2006,10.0,17.0,60.0,,,,,,Kon Tum
2006-0736-VNM,Natural,Flood,,,,2006,10.0,12.0,2006,10.0,17.0,60.0,,,,,,Quảng Ninh
2006-0736-VNM,Natural,Flood,,,,2006,10.0,12.0,2006,10.0,17.0,60.0,,,,,,
2006-0736-VNM,Natural,Flood,,,,2006,10.0,12.0,2006,10.0,17.0,60.0,,,,,,
2006-0736-VNM,Natural,Flood,,,,2006,10.0,12.0,2006,10.0,17.0,60.0,,,,,,
2006-0736-VNM,Natural,Flood,,,,2006,10.0,12.0,2006,10.0,17.0,60.0,,,,,,
2006-0736-VNM,Natural,Flood,,,,2006,10.0,12.0,2006,10.0,17.0,60.0,,,,,,
2006-0736-VNM,Natural,Flood,,,,2006,10.0,12.0,2006,10.0,17.0,60.0,,,,,,Tuyên Quang
2006-0736-VNM,Natural,Flood,,,,2006,10.0,12.0,2006,10.0,17.0,60.0,,,,,,
2006-0736-VNM,Natural,Flood,,,,2006,10.0,12.0,2006,10.0,17.0,60.0,,,,,,
2006-0736-VNM,Natural,Flood,,,,2006,10.0,12.0,2006,10.0,17.0,60.0,,,,,,
2006-0736-VNM,Natural,Flood,,,,2006,10.0,12.0,2006,10.0,17.0,60.0,,,,,,Sơn La
2006-0736-VNM,Natural,Flood,,,,2006,10.0,12.0,2006,10.0,17.0,60.0,,,,,,Cà Mau
2006-0736-VNM,Natural,Flood,,,,2006,10.0,12.0,2006,10.0,17.0,60.0,,,,,,
2006-0736-VNM,Natural,Flood,,,,2006,10.0,12.0,2006,10.0,17.0,60.0,,,,,,Lào Cai
2006-0736-VNM,Natural,Flood,,,,2006,10.0,12.0,2006,10.0,17.0,60.0,,,,,,Thái Nguyên
2006-0736-VNM,Natural,Flood,,,,2006,10.0,12.0,2006,10.0,17.0,60.0,,,,,,Quảng Ninh
2006-0736-VNM,Natural,Flood,,,,2006,10.0,12.0,2006,10.0,17.0,60.0,,,,,,
2006-0736-VNM,Natural,Flood,,,,2006,10.0,12.0,2006,10.0,17.0,60.0,,,,,,
2006-0736-VNM,Natural,Flood,,,,2006,10.0,12.0,2006,10.0,17.0,60.0,,,,,,
2006-0736-VNM,Natural,Flood,,,,2006,10.0,12.0,2006,10.0,17.0,60.0,,,,,,
2006-0736-VNM,Natural,Flood,,,,2006,10.0,12.0,2006,10.0,17.0,60.0,,,,,,
2006-0736-VNM,Natural,Flood,,,,2006,10.0,12.0,2006,10.0,17.0,60.0,,,,,,Tiền Giang
2006-0736-VNM,Natural,Flood,,,,2006,10.0,12.0,2006,10.0,17.0,60.0,,,,,,Bắc Giang
2006-0736-VNM,Natural,Flood,,,,2006,10.0,12.0,2006,10.0,17.0,60.0,,,,,,Hà Giang
2006-0736-VNM,Natural,Flood,,,,2006,10.0,12.0,2006,10.0,17.0,60.0,,,,,,
2006-0736-VNM,Natural,Flood,,,,2006,10.0,12.0,2006,10.0,17.0,60.0,,,,,,Ninh Thuận
2006-0736-VNM,Natural,Flood,,,,2006,10.0,12.0,2006,10.0,17.0,60.0,,,,,,Ninh Thuận
2006-0736-VNM,Natural,Flood,,,,2006,10.0,12.0,2006,10.0,17.0,60.0,,,,,,Gia Lai
2006-0736-VNM,Natural,Flood,,,,2006,10.0,12.0,2006,10.0,17.0,60.0,,,,,,Long An
2006-0736-VNM,Natural,Flood,,,,2006,10.0,12.0,2006,10.0,17.0,60.0,,,,,,
2006-0736-VNM,Natural,Flood,,,,2006,10.0,12.0,2006,10.0,17.0,60.0,,,,,,
2006-0736-VNM,Natural,Flood,,,,2006,10.0,12.0,2006,10.0,17.0,60.0,,,,,,Tây Ninh
2006-0736-VNM,Natural,Flood,,,,2006,10.0,12.0,2006,10.0,17.0,60.0,,,,,,
2006-0736-VNM,Natural,Flood,,,,2006,10.0,12.0,2006,10.0,17.0,60.0,,,,,,
2006-0736-VNM,Natural,Flood,,,,2006,10.0,12.0,2006,10.0,17.0,60.0,,,,,,
2006-0736-VNM,Natural,Flood,,,,2006,10.0,12.0,2006,10.0,17.0,60.0,,,,,,Ninh Bình
2006-0736-VNM,Natural,Flood,,,,2006,10.0,12.0,2006,10.0,17.0,60.0,,,,,,Cao Bằng
2006-0736-VNM,Natural,Flood,,,,2006,10.0,12.0,2006,10.0,17.0,60.0,,,,,,Quảng Ngãi
2006-0736-VNM,Natural,Flood,,,,2006,10.0,12.0,2006,10.0,17.0,60.0,,,,,,
2006-0736-VNM,Natural,Flood,,,,2006,10.0,12.0,2006,10.0,17.0,60.0,,,,,,Trà Vinh
2006-0736-VNM,Natural,Flood,,,,2006,10.0,12.0,2006,10.0,17.0,60.0,,,,,,Hậu Giang
2006-0736-VNM,Natural,Flood,,,,2006,10.0,12.0,2006,10.0,17.0,60.0,,,,,,Quảng Nam
2006-0736-VNM,Natural,Flood,,,,2006,10.0,12.0,2006,10.0,17.0,60.0,,,,,,Bến Tre
2006-0736-VNM,Natural,Flood,,,,2006,10.0,12.0,2006,10.0,17.0,60.0,,,,,,
2006-0736-VNM,Natural,Flood,,,,2006,10.0,12.0,2006,10.0,17.0,60.0,,,,,,
2006-0736-VNM,Natural,Flood,,,,2006,10.0,12.0,2006,10.0,17.0,60.0,,,,,,
2006-0736-VNM,Natural,Flood,,,,2006,10.0,12.0,2006,10.0,17.0,60.0,,,,,,
2006-0736-VNM,Natural,Flood,,,,2006,10.0,12.0,2006,10.0,17.0,60.0,,,,,,
2006-0736-VNM,Natural,Flood,,,,2006,10.0,12.0,2006,10.0,17.0,60.0,,,,,,Kiên Giang
2006-0736-VNM,Natural,Flood,,,,2006,10.0,12.0,2006,10.0,17.0,60.0,,,,,,Lai Châu
2006-0736-VNM,Natural,Flood,,,,2006,10.0,12.0,2006,10.0,17.0,60.0,,,,,,Bắc Ninh
2006-0736-VNM,Natural,Flood,,,,2006,10.0,12.0,2006,10.0,17.0,60.0,,,,,,
2006-0736-VNM,Natural,Flood,,,,2006,10.0,12.0,2006,10.0,17.0,60.0,,,,,,Vĩnh Long
2006-0736-VNM,Natural,Flood,,,,2006,10.0,12.0,2006,10.0,17.0,60.0,,,,,,
2006-0736-VNM,Natural,Flood,,,,2006,10.0,12.0,2006,10.0,17.0,60.0,,,,,,Nghệ An
2006-0736-VNM,Natural,Flood,,,,2006,10.0,12.0,2006,10.0,17.0,60.0,,,,,,
2006-0736-VNM,Natural,Flood,,,,2006,10.0,12.0,2006,10.0,17.0,60.0,,,,,,An Giang
2006-0736-VNM,Natural,Flood,,,,2006,10.0,12.0,2006,10.0,17.0,60.0,,,,,,
2006-0736-VNM,Natural,Flood,,,,2006,10.0,12.0,2006,10.0,17.0,60.0,,,,,,
2006-0736-VNM,Natural,Flood,,,,2006,10.0,12.0,2006,10.0,17.0,60.0,,,,,,Quảng Nam
2007-0323-VNM,Natural,Flood,,,,2007,8.0,5.0,2007,8.0,7.0,74.0,416130.0,,,130000.0,183489.0,
2007-0323-VNM,Natural,Flood,,,,2007,8.0,5.0,2007,8.0,7.0,74.0,416130.0,,,130000.0,183489.0,
2007-0323-VNM,Natural,Flood,,,,2007,8.0,5.0,2007,8.0,7.0,74.0,416130.0,,,130000.0,183489.0,
2007-0463-VNM,Natural,Storm,Lekima (Hanna),17.07,106.9,2007,9.0,29.0,2007,10.0,12.0,96.0,685430.0,,,191000.0,269588.0,
2007-0463-VNM,Natural,Storm,Lekima (Hanna),17.07,106.9,2007,9.0,29.0,2007,10.0,12.0,96.0,685430.0,,,191000.0,269588.0,Thanh Hóa
2007-0463-VNM,Natural,Storm,Lekima (Hanna),17.07,106.9,2007,9.0,29.0,2007,10.0,12.0,96.0,685430.0,,,191000.0,269588.0,Quảng Ninh
2007-0463-VNM,Natural,Storm,Lekima (Hanna),17.07,106.9,2007,9.0,29.0,2007,10.0,12.0,96.0,685430.0,,,191000.0,269588.0,
2007-0463-VNM,Natural,Storm,Lekima (Hanna),17.07,106.9,2007,9.0,29.0,2007,10.0,12.0,96.0,685430.0,,,191000.0,269588.0,
2007-0463-VNM,Natural,Storm,Lekima (Hanna),17.07,106.9,2007,9.0,29.0,2007,10.0,12.0,96.0,685430.0,,,191000.0,269588.0,Nghệ An
2007-0463-VNM,Natural,Storm,Lekima (Hanna),17.07,106.9,2007,9.0,29.0,2007,10.0,12.0,96.0,685430.0,,,191000.0,269588.0,Ninh Bình
2007-0463-VNM,Natural,Storm,Lekima (Hanna),17.07,106.9,2007,9.0,29.0,2007,10.0,12.0,96.0,685430.0,,,191000.0,269588.0,Quảng Ngãi
2007-0463-VNM,Natural,Storm,Lekima (Hanna),17.07,106.9,2007,9.0,29.0,2007,10.0,12.0,96.0,685430.0,,,191000.0,269588.0,Quảng Nam
2007-0463-VNM,Natural,Storm,Lekima (Hanna),17.07,106.9,2007,9.0,29.0,2007,10.0,12.0,96.0,685430.0,,,191000.0,269588.0,
2007-0463-VNM,Natural,Storm,Lekima (Hanna),17.07,106.9,2007,9.0,29.0,2007,10.0,12.0,96.0,685430.0,,,191000.0,269588.0,
2007-0463-VNM,Natural,Storm,Lekima (Hanna),17.07,106.9,2007,9.0,29.0,2007,10.0,12.0,96.0,685430.0,,,191000.0,269588.0,Sơn La
2007-0512-VNM,Natural,Flood,,15.87,107.78,2007,10.0,14.0,2007,10.0,24.0,15.0,22000.0,,,10000.0,14115.0,
2007-0512-VNM,Natural,Flood,,15.87,107.78,2007,10.0,14.0,2007,10.0,24.0,15.0,22000.0,,,10000.0,14115.0,Quảng Nam
2007-0512-VNM,Natural,Flood,,15.87,107.78,2007,10.0,14.0,2007,10.0,24.0,15.0,22000.0,,,10000.0,14115.0,
2007-0512-VNM,Natural,Flood,,15.87,107.78,2007,10.0,14.0,2007,10.0,24.0,15.0,22000.0,,,10000.0,14115.0,Quảng Ngãi
2007-0522-VNM,Natural,Flood,,16.32,107.36,2007,10.0,28.0,2007,11.0,9.0,83.0,94042.0,,,300000.0,423437.0,Quảng Ninh
2007-0522-VNM,Natural,Flood,,16.32,107.36,2007,10.0,28.0,2007,11.0,9.0,83.0,94042.0,,,300000.0,423437.0,Quảng Nam
2007-0522-VNM,Natural,Flood,,16.32,107.36,2007,10.0,28.0,2007,11.0,9.0,83.0,94042.0,,,300000.0,423437.0,
2007-0522-VNM,Natural,Flood,,16.32,107.36,2007,10.0,28.0,2007,11.0,9.0,83.0,94042.0,,,300000.0,423437.0,Quảng Ngãi
2007-0531-VNM,Natural,Flood,,11.01,105.51,2007,10.0,20.0,2007,11.0,2.0,3.0,280000.0,,,,,Kiên Giang
2007-0531-VNM,Natural,Flood,,11.01,105.51,2007,10.0,20.0,2007,11.0,2.0,3.0,280000.0,,,,,An Giang
2007-0531-VNM,Natural,Flood,,11.01,105.51,2007,10.0,20.0,2007,11.0,2.0,3.0,280000.0,,,,,
2007-0558-VNM,Natural,Flood,,15.3,108.44,2007,11.0,10.0,2007,11.0,21.0,55.0,150000.0,,,350000.0,494010.0,Ninh Thuận
2007-0558-VNM,Natural,Flood,,15.3,108.44,2007,11.0,10.0,2007,11.0,21.0,55.0,150000.0,,,350000.0,494010.0,Quảng Ngãi
2007-0558-VNM,Natural,Flood,,15.3,108.44,2007,11.0,10.0,2007,11.0,21.0,55.0,150000.0,,,350000.0,494010.0,
2007-0558-VNM,Natural,Flood,,15.3,108.44,2007,11.0,10.0,2007,11.0,21.0,55.0,150000.0,,,350000.0,494010.0,
2007-0558-VNM,Natural,Flood,,15.3,108.44,2007,11.0,10.0,2007,11.0,21.0,55.0,150000.0,,,350000.0,494010.0,
2007-0558-VNM,Natural,Flood,,15.3,108.44,2007,11.0,10.0,2007,11.0,21.0,55.0,150000.0,,,350000.0,494010.0,
2007-0558-VNM,Natural,Flood,,15.3,108.44,2007,11.0,10.0,2007,11.0,21.0,55.0,150000.0,,,350000.0,494010.0,Quảng Nam
2007-0558-VNM,Natural,Flood,,15.3,108.44,2007,11.0,10.0,2007,11.0,21.0,55.0,150000.0,,,350000.0,494010.0,
2008-0262-VNM,Natural,Flood,,12.14,107.83,2008,5.0,11.0,2008,5.0,12.0,4.0,500.0,,,,,
2008-0329-VNM,Natural,Storm,"Tropical storm ""Kammuri"" (Julian)",22.05,105.21,2008,8.0,8.0,2008,8.0,11.0,162.0,57630.0,,,120000.0,163113.0,Lào Cai
2008-0329-VNM,Natural,Storm,"Tropical storm ""Kammuri"" (Julian)",22.05,105.21,2008,8.0,8.0,2008,8.0,11.0,162.0,57630.0,,,120000.0,163113.0,
2008-0329-VNM,Natural,Storm,"Tropical storm ""Kammuri"" (Julian)",22.05,105.21,2008,8.0,8.0,2008,8.0,11.0,162.0,57630.0,,,120000.0,163113.0,Hà Giang
2008-0329-VNM,Natural,Storm,"Tropical storm ""Kammuri"" (Julian)",22.05,105.21,2008,8.0,8.0,2008,8.0,11.0,162.0,57630.0,,,120000.0,163113.0,
2008-0329-VNM,Natural,Storm,"Tropical storm ""Kammuri"" (Julian)",22.05,105.21,2008,8.0,8.0,2008,8.0,11.0,162.0,57630.0,,,120000.0,163113.0,
2008-0329-VNM,Natural,Storm,"Tropical storm ""Kammuri"" (Julian)",22.05,105.21,2008,8.0,8.0,2008,8.0,11.0,162.0,57630.0,,,120000.0,163113.0,Lai Châu
2008-0329-VNM,Natural,Storm,"Tropical storm ""Kammuri"" (Julian)",22.05,105.21,2008,8.0,8.0,2008,8.0,11.0,162.0,57630.0,,,120000.0,163113.0,Quảng Ninh
2008-0329-VNM,Natural,Storm,"Tropical storm ""Kammuri"" (Julian)",22.05,105.21,2008,8.0,8.0,2008,8.0,11.0,162.0,57630.0,,,120000.0,163113.0,Tuyên Quang
2008-0329-VNM,Natural,Storm,"Tropical storm ""Kammuri"" (Julian)",22.05,105.21,2008,8.0,8.0,2008,8.0,11.0,162.0,57630.0,,,120000.0,163113.0,Sơn La
2008-0373-VNM,Natural,Flood,,,,2008,8.0,26.0,2008,8.0,28.0,16.0,,,,,,Hà Giang
2008-0426-VNM,Natural,Storm,"Typhoon ""Hagupit"" (Nina)",21.9,104.59,2008,9.0,25.0,2008,9.0,28.0,46.0,58511.0,,,63000.0,85634.0,
2008-0426-VNM,Natural,Storm,"Typhoon ""Hagupit"" (Nina)",21.9,104.59,2008,9.0,25.0,2008,9.0,28.0,46.0,58511.0,,,63000.0,85634.0,Bắc Giang
2008-0426-VNM,Natural,Storm,"Typhoon ""Hagupit"" (Nina)",21.9,104.59,2008,9.0,25.0,2008,9.0,28.0,46.0,58511.0,,,63000.0,85634.0,Lào Cai
2008-0426-VNM,Natural,Storm,"Typhoon ""Hagupit"" (Nina)",21.9,104.59,2008,9.0,25.0,2008,9.0,28.0,46.0,58511.0,,,63000.0,85634.0,Quảng Ninh
2008-0426-VNM,Natural,Storm,"Typhoon ""Hagupit"" (Nina)",21.9,104.59,2008,9.0,25.0,2008,9.0,28.0,46.0,58511.0,,,63000.0,85634.0,
2008-0426-VNM,Natural,Storm,"Typhoon ""Hagupit"" (Nina)",21.9,104.59,2008,9.0,25.0,2008,9.0,28.0,46.0,58511.0,,,63000.0,85634.0,Sơn La
2008-0437-VNM,Natural,Storm,"Typhoon ""Mekkhala""",,,2008,9.0,30.0,2008,9.0,30.0,18.0,31680.0,,,6500.0,8835.0,Quảng Ninh
2008-0437-VNM,Natural,Storm,"Typhoon ""Mekkhala""",,,2008,9.0,30.0,2008,9.0,30.0,18.0,31680.0,,,6500.0,8835.0,
2008-0481-VNM,Natural,Flood,,14.9,107.46,2008,10.0,19.0,2008,10.0,20.0,29.0,12004.0,,,4000.0,5437.0,Thanh Hóa
2008-0481-VNM,Natural,Flood,,14.9,107.46,2008,10.0,19.0,2008,10.0,20.0,29.0,12004.0,,,4000.0,5437.0,
2008-0481-VNM,Natural,Flood,,14.9,107.46,2008,10.0,19.0,2008,10.0,20.0,29.0,12004.0,,,4000.0,5437.0,Nghệ An
2008-0481-VNM,Natural,Flood,,14.9,107.46,2008,10.0,19.0,2008,10.0,20.0,29.0,12004.0,,,4000.0,5437.0,Quảng Ngãi
2008-0481-VNM,Natural,Flood,,14.9,107.46,2008,10.0,19.0,2008,10.0,20.0,29.0,12004.0,,,4000.0,5437.0,Quảng Nam
2008-0481-VNM,Natural,Flood,,14.9,107.46,2008,10.0,19.0,2008,10.0,20.0,29.0,12004.0,,,4000.0,5437.0,
2008-0501-VNM,Natural,Flood,,20.74,106.32,2008,10.0,27.0,2008,11.0,4.0,99.0,600000.0,,,479000.0,651092.0,
2008-0501-VNM,Natural,Flood,,20.74,106.32,2008,10.0,27.0,2008,11.0,4.0,99.0,600000.0,,,479000.0,651092.0,Thanh Hóa
2008-0501-VNM,Natural,Flood,,20.74,106.32,2008,10.0,27.0,2008,11.0,4.0,99.0,600000.0,,,479000.0,651092.0,Quảng Ninh
2008-0501-VNM,Natural,Flood,,20.74,106.32,2008,10.0,27.0,2008,11.0,4.0,99.0,600000.0,,,479000.0,651092.0,
2008-0501-VNM,Natural,Flood,,20.74,106.32,2008,10.0,27.0,2008,11.0,4.0,99.0,600000.0,,,479000.0,651092.0,Thái Nguyên
2008-0501-VNM,Natural,Flood,,20.74,106.32,2008,10.0,27.0,2008,11.0,4.0,99.0,600000.0,,,479000.0,651092.0,Nghệ An
2008-0501-VNM,Natural,Flood,,20.74,106.32,2008,10.0,27.0,2008,11.0,4.0,99.0,600000.0,,,479000.0,651092.0,Ninh Bình
2008-0501-VNM,Natural,Flood,,20.74,106.32,2008,10.0,27.0,2008,11.0,4.0,99.0,600000.0,,,479000.0,651092.0,
2008-0501-VNM,Natural,Flood,,20.74,106.32,2008,10.0,27.0,2008,11.0,4.0,99.0,600000.0,,,479000.0,651092.0,Quảng Nam
2008-0501-VNM,Natural,Flood,,20.74,106.32,2008,10.0,27.0,2008,11.0,4.0,99.0,600000.0,,,479000.0,651092.0,
2008-0540-VNM,Natural,Storm,"Tropical Storm ""Maysak"" (Quinta-Sony)",,,2008,11.0,5.0,2008,11.0,5.0,11.0,,,,,,
2008-0552-VNM,Natural,Storm,"Tropical storm ""Noul""",15.7,107.71,2008,11.0,17.0,2008,11.0,20.0,17.0,8828.0,,,1000.0,1359.0,Ninh Thuận
2008-0552-VNM,Natural,Storm,"Tropical storm ""Noul""",15.7,107.71,2008,11.0,17.0,2008,11.0,20.0,17.0,8828.0,,,1000.0,1359.0,
2008-0552-VNM,Natural,Storm,"Tropical storm ""Noul""",15.7,107.71,2008,11.0,17.0,2008,11.0,20.0,17.0,8828.0,,,1000.0,1359.0,
2008-0552-VNM,Natural,Storm,"Tropical storm ""Noul""",15.7,107.71,2008,11.0,17.0,2008,11.0,20.0,17.0,8828.0,,,1000.0,1359.0,
2008-0552-VNM,Natural,Storm,"Tropical storm ""Noul""",15.7,107.71,2008,11.0,17.0,2008,11.0,20.0,17.0,8828.0,,,1000.0,1359.0,Quảng Nam
2008-0552-VNM,Natural,Storm,"Tropical storm ""Noul""",15.7,107.71,2008,11.0,17.0,2008,11.0,20.0,17.0,8828.0,,,1000.0,1359.0,
2008-0607-VNM,Natural,Flood,,18.89,107.06,2008,12.0,25.0,2009,1.0,5.0,9.0,20000.0,,,,,
2008-0607-VNM,Natural,Flood,,18.89,107.06,2008,12.0,25.0,2009,1.0,5.0,9.0,20000.0,,,,,Quảng Ninh
2008-0607-VNM,Natural,Flood,,18.89,107.06,2008,12.0,25.0,2009,1.0,5.0,9.0,20000.0,,,,,Quảng Nam
2008-0607-VNM,Natural,Flood,,18.89,107.06,2008,12.0,25.0,2009,1.0,5.0,9.0,20000.0,,,,,
2009-0247-VNM,Natural,Flood,,20.67,104.3,2009,7.0,3.0,2009,7.0,6.0,20.0,700000.0,,,,,
2009-0247-VNM,Natural,Flood,,20.67,104.3,2009,7.0,3.0,2009,7.0,6.0,20.0,700000.0,,,,,Hà Giang
2009-0247-VNM,Natural,Flood,,20.67,104.3,2009,7.0,3.0,2009,7.0,6.0,20.0,700000.0,,,,,Cao Bằng
2009-0247-VNM,Natural,Flood,,20.67,104.3,2009,7.0,3.0,2009,7.0,6.0,20.0,700000.0,,,,,Lai Châu
2009-0414-VNM,Natural,Storm,"Tropical storm ""Ondoy"" (Ketsana)",,,2009,9.0,28.0,2009,9.0,29.0,182.0,2477315.0,,,785000.0,1070836.0,Kon Tum
2009-0414-VNM,Natural,Storm,"Tropical storm ""Ondoy"" (Ketsana)",,,2009,9.0,28.0,2009,9.0,29.0,182.0,2477315.0,,,785000.0,1070836.0,Gia Lai
2009-0414-VNM,Natural,Storm,"Tropical storm ""Ondoy"" (Ketsana)",,,2009,9.0,28.0,2009,9.0,29.0,182.0,2477315.0,,,785000.0,1070836.0,Quảng Ninh
2009-0414-VNM,Natural,Storm,"Tropical storm ""Ondoy"" (Ketsana)",,,2009,9.0,28.0,2009,9.0,29.0,182.0,2477315.0,,,785000.0,1070836.0,
2009-0414-VNM,Natural,Storm,"Tropical storm ""Ondoy"" (Ketsana)",,,2009,9.0,28.0,2009,9.0,29.0,182.0,2477315.0,,,785000.0,1070836.0,Quảng Ngãi
2009-0414-VNM,Natural,Storm,"Tropical storm ""Ondoy"" (Ketsana)",,,2009,9.0,28.0,2009,9.0,29.0,182.0,2477315.0,,,785000.0,1070836.0,
2009-0414-VNM,Natural,Storm,"Tropical storm ""Ondoy"" (Ketsana)",,,2009,9.0,28.0,2009,9.0,29.0,182.0,2477315.0,,,785000.0,1070836.0,
2009-0414-VNM,Natural,Storm,"Tropical storm ""Ondoy"" (Ketsana)",,,2009,9.0,28.0,2009,9.0,29.0,182.0,2477315.0,,,785000.0,1070836.0,
2009-0414-VNM,Natural,Storm,"Tropical storm ""Ondoy"" (Ketsana)",,,2009,9.0,28.0,2009,9.0,29.0,182.0,2477315.0,,,785000.0,1070836.0,
2009-0414-VNM,Natural,Storm,"Tropical storm ""Ondoy"" (Ketsana)",,,2009,9.0,28.0,2009,9.0,29.0,182.0,2477315.0,,,785000.0,1070836.0,
2009-0414-VNM,Natural,Storm,"Tropical storm ""Ondoy"" (Ketsana)",,,2009,9.0,28.0,2009,9.0,29.0,182.0,2477315.0,,,785000.0,1070836.0,Quảng Nam
2009-0414-VNM,Natural,Storm,"Tropical storm ""Ondoy"" (Ketsana)",,,2009,9.0,28.0,2009,9.0,29.0,182.0,2477315.0,,,785000.0,1070836.0,
2009-0414-VNM,Natural,Storm,"Tropical storm ""Ondoy"" (Ketsana)",,,2009,9.0,28.0,2009,9.0,29.0,182.0,2477315.0,,,785000.0,1070836.0,
2009-0422-VNM,Natural,Storm,"Typhoon ""Pepeng"" (Parma)",,,2009,10.0,14.0,2009,10.0,14.0,,,,,200.0,273.0,
2009-0422-VNM,Natural,Storm,"Typhoon ""Pepeng"" (Parma)",,,2009,10.0,14.0,2009,10.0,14.0,,,,,200.0,273.0,Thanh Hóa
2009-0422-VNM,Natural,Storm,"Typhoon ""Pepeng"" (Parma)",,,2009,10.0,14.0,2009,10.0,14.0,,,,,200.0,273.0,
2009-0422-VNM,Natural,Storm,"Typhoon ""Pepeng"" (Parma)",,,2009,10.0,14.0,2009,10.0,14.0,,,,,200.0,273.0,
2009-0422-VNM,Natural,Storm,"Typhoon ""Pepeng"" (Parma)",,,2009,10.0,14.0,2009,10.0,14.0,,,,,200.0,273.0,Tuyên Quang
2009-0422-VNM,Natural,Storm,"Typhoon ""Pepeng"" (Parma)",,,2009,10.0,14.0,2009,10.0,14.0,,,,,200.0,273.0,Sơn La
2009-0422-VNM,Natural,Storm,"Typhoon ""Pepeng"" (Parma)",,,2009,10.0,14.0,2009,10.0,14.0,,,,,200.0,273.0,
2009-0422-VNM,Natural,Storm,"Typhoon ""Pepeng"" (Parma)",,,2009,10.0,14.0,2009,10.0,14.0,,,,,200.0,273.0,
2009-0422-VNM,Natural,Storm,"Typhoon ""Pepeng"" (Parma)",,,2009,10.0,14.0,2009,10.0,14.0,,,,,200.0,273.0,Lào Cai
2009-0422-VNM,Natural,Storm,"Typhoon ""Pepeng"" (Parma)",,,2009,10.0,14.0,2009,10.0,14.0,,,,,200.0,273.0,Thái Nguyên
2009-0422-VNM,Natural,Storm,"Typhoon ""Pepeng"" (Parma)",,,2009,10.0,14.0,2009,10.0,14.0,,,,,200.0,273.0,Quảng Ninh
2009-0422-VNM,Natural,Storm,"Typhoon ""Pepeng"" (Parma)",,,2009,10.0,14.0,2009,10.0,14.0,,,,,200.0,273.0,
2009-0422-VNM,Natural,Storm,"Typhoon ""Pepeng"" (Parma)",,,2009,10.0,14.0,2009,10.0,14.0,,,,,200.0,273.0,Bắc Giang
2009-0422-VNM,Natural,Storm,"Typhoon ""Pepeng"" (Parma)",,,2009,10.0,14.0,2009,10.0,14.0,,,,,200.0,273.0,Hà Giang
2009-0422-VNM,Natural,Storm,"Typhoon ""Pepeng"" (Parma)",,,2009,10.0,14.0,2009,10.0,14.0,,,,,200.0,273.0,
2009-0422-VNM,Natural,Storm,"Typhoon ""Pepeng"" (Parma)",,,2009,10.0,14.0,2009,10.0,14.0,,,,,200.0,273.0,Ninh Bình
2009-0422-VNM,Natural,Storm,"Typhoon ""Pepeng"" (Parma)",,,2009,10.0,14.0,2009,10.0,14.0,,,,,200.0,273.0,Cao Bằng
2009-0422-VNM,Natural,Storm,"Typhoon ""Pepeng"" (Parma)",,,2009,10.0,14.0,2009,10.0,14.0,,,,,200.0,273.0,
2009-0422-VNM,Natural,Storm,"Typhoon ""Pepeng"" (Parma)",,,2009,10.0,14.0,2009,10.0,14.0,,,,,200.0,273.0,
2009-0422-VNM,Natural,Storm,"Typhoon ""Pepeng"" (Parma)",,,2009,10.0,14.0,2009,10.0,14.0,,,,,200.0,273.0,
2009-0422-VNM,Natural,Storm,"Typhoon ""Pepeng"" (Parma)",,,2009,10.0,14.0,2009,10.0,14.0,,,,,200.0,273.0,
2009-0422-VNM,Natural,Storm,"Typhoon ""Pepeng"" (Parma)",,,2009,10.0,14.0,2009,10.0,14.0,,,,,200.0,273.0,Lai Châu
2009-0422-VNM,Natural,Storm,"Typhoon ""Pepeng"" (Parma)",,,2009,10.0,14.0,2009,10.0,14.0,,,,,200.0,273.0,Bắc Ninh
2009-0422-VNM,Natural,Storm,"Typhoon ""Pepeng"" (Parma)",,,2009,10.0,14.0,2009,10.0,14.0,,,,,200.0,273.0,
2009-0422-VNM,Natural,Storm,"Typhoon ""Pepeng"" (Parma)",,,2009,10.0,14.0,2009,10.0,14.0,,,,,200.0,273.0,
2009-0422-VNM,Natural,Storm,"Typhoon ""Pepeng"" (Parma)",,,2009,10.0,14.0,2009,10.0,14.0,,,,,200.0,273.0,
2009-0422-VNM,Natural,Storm,"Typhoon ""Pepeng"" (Parma)",,,2009,10.0,14.0,2009,10.0,14.0,,,,,200.0,273.0,Quảng Nam
2009-0478-VNM,Natural,Storm,"Tropical storm ""Mirinae"" (Santi)",,,2009,11.0,2.0,2009,11.0,2.0,124.0,500145.0,,,280000.0,381954.0,Ninh Thuận
2009-0478-VNM,Natural,Storm,"Tropical storm ""Mirinae"" (Santi)",,,2009,11.0,2.0,2009,11.0,2.0,124.0,500145.0,,,280000.0,381954.0,Kon Tum
2009-0478-VNM,Natural,Storm,"Tropical storm ""Mirinae"" (Santi)",,,2009,11.0,2.0,2009,11.0,2.0,124.0,500145.0,,,280000.0,381954.0,Gia Lai
2009-0478-VNM,Natural,Storm,"Tropical storm ""Mirinae"" (Santi)",,,2009,11.0,2.0,2009,11.0,2.0,124.0,500145.0,,,280000.0,381954.0,Quảng Ngãi
2009-0478-VNM,Natural,Storm,"Tropical storm ""Mirinae"" (Santi)",,,2009,11.0,2.0,2009,11.0,2.0,124.0,500145.0,,,280000.0,381954.0,
2009-0478-VNM,Natural,Storm,"Tropical storm ""Mirinae"" (Santi)",,,2009,11.0,2.0,2009,11.0,2.0,124.0,500145.0,,,280000.0,381954.0,
2009-0478-VNM,Natural,Storm,"Tropical storm ""Mirinae"" (Santi)",,,2009,11.0,2.0,2009,11.0,2.0,124.0,500145.0,,,280000.0,381954.0,
2009-0478-VNM,Natural,Storm,"Tropical storm ""Mirinae"" (Santi)",,,2009,11.0,2.0,2009,11.0,2.0,124.0,500145.0,,,280000.0,381954.0,
2009-0478-VNM,Natural,Storm,"Tropical storm ""Mirinae"" (Santi)",,,2009,11.0,2.0,2009,11.0,2.0,124.0,500145.0,,,280000.0,381954.0,Quảng Nam
2009-0611-VNM,Natural,Flood,,15.19,108.02,2009,9.0,25.0,2009,9.0,28.0,17.0,40000.0,,,,,Kon Tum
2009-0611-VNM,Natural,Flood,,15.19,108.02,2009,9.0,25.0,2009,9.0,28.0,17.0,40000.0,,,,,Gia Lai
2009-0611-VNM,Natural,Flood,,15.19,108.02,2009,9.0,25.0,2009,9.0,28.0,17.0,40000.0,,,,,Quảng Ninh
2009-0611-VNM,Natural,Flood,,15.19,108.02,2009,9.0,25.0,2009,9.0,28.0,17.0,40000.0,,,,,
2009-0611-VNM,Natural,Flood,,15.19,108.02,2009,9.0,25.0,2009,9.0,28.0,17.0,40000.0,,,,,Quảng Ngãi
2009-0611-VNM,Natural,Flood,,15.19,108.02,2009,9.0,25.0,2009,9.0,28.0,17.0,40000.0,,,,,
2009-0611-VNM,Natural,Flood,,15.19,108.02,2009,9.0,25.0,2009,9.0,28.0,17.0,40000.0,,,,,
2009-0611-VNM,Natural,Flood,,15.19,108.02,2009,9.0,25.0,2009,9.0,28.0,17.0,40000.0,,,,,Nghệ An
2009-0611-VNM,Natural,Flood,,15.19,108.02,2009,9.0,25.0,2009,9.0,28.0,17.0,40000.0,,,,,
2009-0611-VNM,Natural,Flood,,15.19,108.02,2009,9.0,25.0,2009,9.0,28.0,17.0,40000.0,,,,,Quảng Nam
2009-0611-VNM,Natural,Flood,,15.19,108.02,2009,9.0,25.0,2009,9.0,28.0,17.0,40000.0,,,,,
2010-0308-VNM,Natural,Storm,Typhoon Conson (Basyang),,,2010,7.0,17.0,2010,7.0,17.0,11.0,1500.0,,,500.0,671.0,Thanh Hóa
2010-0308-VNM,Natural,Storm,Typhoon Conson (Basyang),,,2010,7.0,17.0,2010,7.0,17.0,11.0,1500.0,,,500.0,671.0,Quảng Ninh
2010-0308-VNM,Natural,Storm,Typhoon Conson (Basyang),,,2010,7.0,17.0,2010,7.0,17.0,11.0,1500.0,,,500.0,671.0,Quảng Ngãi
2010-0332-VNM,Natural,Storm,Typhoon Chanthu,22.11,105.95,2010,7.0,23.0,2010,7.0,25.0,10.0,12400.0,,,,,Lào Cai
2010-0332-VNM,Natural,Storm,Typhoon Chanthu,22.11,105.95,2010,7.0,23.0,2010,7.0,25.0,10.0,12400.0,,,,,Hà Giang
2010-0332-VNM,Natural,Storm,Typhoon Chanthu,22.11,105.95,2010,7.0,23.0,2010,7.0,25.0,10.0,12400.0,,,,,Cao Bằng
2010-0432-VNM,Natural,Storm,Typhoon Mindulle,,,2010,8.0,24.0,2010,8.0,25.0,14.0,20700.0,,,44000.0,59053.0,Thanh Hóa
2010-0432-VNM,Natural,Storm,Typhoon Mindulle,,,2010,8.0,24.0,2010,8.0,25.0,14.0,20700.0,,,44000.0,59053.0,Nghệ An
2010-0432-VNM,Natural,Storm,Typhoon Mindulle,,,2010,8.0,24.0,2010,8.0,25.0,14.0,20700.0,,,44000.0,59053.0,
2010-0515-VNM,Natural,Flood,,,,2010,10.0,1.0,2010,10.0,6.0,84.0,679825.0,,,142500.0,191251.0,Quảng Ninh
2010-0515-VNM,Natural,Flood,,,,2010,10.0,1.0,2010,10.0,6.0,84.0,679825.0,,,142500.0,191251.0,
2010-0515-VNM,Natural,Flood,,,,2010,10.0,1.0,2010,10.0,6.0,84.0,679825.0,,,142500.0,191251.0,
2010-0515-VNM,Natural,Flood,,,,2010,10.0,1.0,2010,10.0,6.0,84.0,679825.0,,,142500.0,191251.0,Nghệ An
2010-0515-VNM,Natural,Flood,,,,2010,10.0,1.0,2010,10.0,6.0,84.0,679825.0,,,142500.0,191251.0,
2010-0539-VNM,Natural,Flood,,,,2010,10.0,14.0,2010,10.0,18.0,21.0,761000.0,,,154000.0,206685.0,Nghệ An
2010-0539-VNM,Natural,Flood,,,,2010,10.0,14.0,2010,10.0,18.0,21.0,761000.0,,,154000.0,206685.0,Quảng Ninh
2010-0539-VNM,Natural,Flood,,,,2010,10.0,14.0,2010,10.0,18.0,21.0,761000.0,,,154000.0,206685.0,
2010-0573-VNM,Natural,Flood,,12.52,108.9,2010,10.0,29.0,2010,11.0,10.0,31.0,39008.0,,,107700.0,144545.0,Ninh Thuận
2010-0573-VNM,Natural,Flood,,12.52,108.9,2010,10.0,29.0,2010,11.0,10.0,31.0,39008.0,,,107700.0,144545.0,
2010-0573-VNM,Natural,Flood,,12.52,108.9,2010,10.0,29.0,2010,11.0,10.0,31.0,39008.0,,,107700.0,144545.0,
2010-0573-VNM,Natural,Flood,,12.52,108.9,2010,10.0,29.0,2010,11.0,10.0,31.0,39008.0,,,107700.0,144545.0,
2010-0573-VNM,Natural,Flood,,12.52,108.9,2010,10.0,29.0,2010,11.0,10.0,31.0,39008.0,,,107700.0,144545.0,
2010-0573-VNM,Natural,Flood,,12.52,108.9,2010,10.0,29.0,2010,11.0,10.0,31.0,39008.0,,,107700.0,144545.0,Quảng Ngãi
2010-0597-VNM,Natural,Flood,,15.1821,108.8,2010,11.0,12.0,2010,11.0,17.0,50.0,10000.0,,,256000.0,343581.0,Quảng Nam
2010-0597-VNM,Natural,Flood,,15.1821,108.8,2010,11.0,12.0,2010,11.0,17.0,50.0,10000.0,,,256000.0,343581.0,
2010-0597-VNM,Natural,Flood,,15.1821,108.8,2010,11.0,12.0,2010,11.0,17.0,50.0,10000.0,,,256000.0,343581.0,Quảng Ngãi
2011-0232-VNM,Natural,Storm,,,,2011,6.0,22.0,2011,6.0,26.0,16.0,63.0,,,,,
2011-0232-VNM,Natural,Storm,,,,2011,6.0,22.0,2011,6.0,26.0,16.0,63.0,,,,,Thanh Hóa
2011-0232-VNM,Natural,Storm,,,,2011,6.0,22.0,2011,6.0,26.0,16.0,63.0,,,,,
2011-0232-VNM,Natural,Storm,,,,2011,6.0,22.0,2011,6.0,26.0,16.0,63.0,,,,,
2011-0232-VNM,Natural,Storm,,,,2011,6.0,22.0,2011,6.0,26.0,16.0,63.0,,,,,Tuyên Quang
2011-0232-VNM,Natural,Storm,,,,2011,6.0,22.0,2011,6.0,26.0,16.0,63.0,,,,,Sơn La
2011-0232-VNM,Natural,Storm,,,,2011,6.0,22.0,2011,6.0,26.0,16.0,63.0,,,,,
2011-0232-VNM,Natural,Storm,,,,2011,6.0,22.0,2011,6.0,26.0,16.0,63.0,,,,,
2011-0232-VNM,Natural,Storm,,,,2011,6.0,22.0,2011,6.0,26.0,16.0,63.0,,,,,Lào Cai
2011-0232-VNM,Natural,Storm,,,,2011,6.0,22.0,2011,6.0,26.0,16.0,63.0,,,,,Thái Nguyên
2011-0232-VNM,Natural,Storm,,,,2011,6.0,22.0,2011,6.0,26.0,16.0,63.0,,,,,Quảng Ninh
2011-0232-VNM,Natural,Storm,,,,2011,6.0,22.0,2011,6.0,26.0,16.0,63.0,,,,,
2011-0232-VNM,Natural,Storm,,,,2011,6.0,22.0,2011,6.0,26.0,16.0,63.0,,,,,Bắc Giang
2011-0232-VNM,Natural,Storm,,,,2011,6.0,22.0,2011,6.0,26.0,16.0,63.0,,,,,Hà Giang
2011-0232-VNM,Natural,Storm,,,,2011,6.0,22.0,2011,6.0,26.0,16.0,63.0,,,,,
2011-0232-VNM,Natural,Storm,,,,2011,6.0,22.0,2011,6.0,26.0,16.0,63.0,,,,,Ninh Bình
2011-0232-VNM,Natural,Storm,,,,2011,6.0,22.0,2011,6.0,26.0,16.0,63.0,,,,,Cao Bằng
2011-0232-VNM,Natural,Storm,,,,2011,6.0,22.0,2011,6.0,26.0,16.0,63.0,,,,,
2011-0232-VNM,Natural,Storm,,,,2011,6.0,22.0,2011,6.0,26.0,16.0,63.0,,,,,
2011-0232-VNM,Natural,Storm,,,,2011,6.0,22.0,2011,6.0,26.0,16.0,63.0,,,,,
2011-0232-VNM,Natural,Storm,,,,2011,6.0,22.0,2011,6.0,26.0,16.0,63.0,,,,,
2011-0232-VNM,Natural,Storm,,,,2011,6.0,22.0,2011,6.0,26.0,16.0,63.0,,,,,Lai Châu
2011-0232-VNM,Natural,Storm,,,,2011,6.0,22.0,2011,6.0,26.0,16.0,63.0,,,,,Bắc Ninh
2011-0232-VNM,Natural,Storm,,,,2011,6.0,22.0,2011,6.0,26.0,16.0,63.0,,,,,
2011-0232-VNM,Natural,Storm,,,,2011,6.0,22.0,2011,6.0,26.0,16.0,63.0,,,,,
2011-0232-VNM,Natural,Storm,,,,2011,6.0,22.0,2011,6.0,26.0,16.0,63.0,,,,,
2011-0232-VNM,Natural,Storm,,,,2011,6.0,22.0,2011,6.0,26.0,16.0,63.0,,,,,Quảng Nam
2011-0359-VNM,Natural,Flood,,,,2011,9.0,14.0,2011,9.0,14.0,24.0,300000.0,,,44000.0,57246.0,Lào Cai
2011-0394-VNM,Natural,Flood,,,,2011,9.0,,2011,12.0,,85.0,600000.0,,,175002.0,227685.0,
2011-0394-VNM,Natural,Flood,,,,2011,9.0,,2011,12.0,,85.0,600000.0,,,175002.0,227685.0,Kiên Giang
2011-0394-VNM,Natural,Flood,,,,2011,9.0,,2011,12.0,,85.0,600000.0,,,175002.0,227685.0,Long An
2011-0394-VNM,Natural,Flood,,,,2011,9.0,,2011,12.0,,85.0,600000.0,,,175002.0,227685.0,Vĩnh Long
2011-0394-VNM,Natural,Flood,,,,2011,9.0,,2011,12.0,,85.0,600000.0,,,175002.0,227685.0,An Giang
2011-0394-VNM,Natural,Flood,,,,2011,9.0,,2011,12.0,,85.0,600000.0,,,175002.0,227685.0,
2011-0394-VNM,Natural,Flood,,,,2011,9.0,,2011,12.0,,85.0,600000.0,,,175002.0,227685.0,Hậu Giang
2011-0396-VNM,Natural,Flood,,,,2011,10.0,21.0,2011,10.0,21.0,13.0,461584.0,,,,,Quảng Ninh
2011-0396-VNM,Natural,Flood,,,,2011,10.0,21.0,2011,10.0,21.0,13.0,461584.0,,,,,Quảng Nam
2011-0396-VNM,Natural,Flood,,,,2011,10.0,21.0,2011,10.0,21.0,13.0,461584.0,,,,,
2011-0396-VNM,Natural,Flood,,,,2011,10.0,21.0,2011,10.0,21.0,13.0,461584.0,,,,,
2011-0576-VNM,Natural,Storm,Tropical Storm Haima (Egay),,,2011,6.0,19.0,2011,6.0,24.0,,,,,,,
2011-0576-VNM,Natural,Storm,Tropical Storm Haima (Egay),,,2011,6.0,19.0,2011,6.0,24.0,,,,,,,Thanh Hóa
2011-0576-VNM,Natural,Storm,Tropical Storm Haima (Egay),,,2011,6.0,19.0,2011,6.0,24.0,,,,,,,Kon Tum
2011-0576-VNM,Natural,Storm,Tropical Storm Haima (Egay),,,2011,6.0,19.0,2011,6.0,24.0,,,,,,,Quảng Ninh
2011-0576-VNM,Natural,Storm,Tropical Storm Haima (Egay),,,2011,6.0,19.0,2011,6.0,24.0,,,,,,,
2011-0576-VNM,Natural,Storm,Tropical Storm Haima (Egay),,,2011,6.0,19.0,2011,6.0,24.0,,,,,,,
2011-0576-VNM,Natural,Storm,Tropical Storm Haima (Egay),,,2011,6.0,19.0,2011,6.0,24.0,,,,,,,
2011-0576-VNM,Natural,Storm,Tropical Storm Haima (Egay),,,2011,6.0,19.0,2011,6.0,24.0,,,,,,,Tuyên Quang
2011-0576-VNM,Natural,Storm,Tropical Storm Haima (Egay),,,2011,6.0,19.0,2011,6.0,24.0,,,,,,,
2011-0576-VNM,Natural,Storm,Tropical Storm Haima (Egay),,,2011,6.0,19.0,2011,6.0,24.0,,,,,,,
2011-0576-VNM,Natural,Storm,Tropical Storm Haima (Egay),,,2011,6.0,19.0,2011,6.0,24.0,,,,,,,Sơn La
2011-0576-VNM,Natural,Storm,Tropical Storm Haima (Egay),,,2011,6.0,19.0,2011,6.0,24.0,,,,,,,
2011-0576-VNM,Natural,Storm,Tropical Storm Haima (Egay),,,2011,6.0,19.0,2011,6.0,24.0,,,,,,,Lào Cai
2011-0576-VNM,Natural,Storm,Tropical Storm Haima (Egay),,,2011,6.0,19.0,2011,6.0,24.0,,,,,,,Thái Nguyên
2011-0576-VNM,Natural,Storm,Tropical Storm Haima (Egay),,,2011,6.0,19.0,2011,6.0,24.0,,,,,,,Quảng Ninh
2011-0576-VNM,Natural,Storm,Tropical Storm Haima (Egay),,,2011,6.0,19.0,2011,6.0,24.0,,,,,,,
2011-0576-VNM,Natural,Storm,Tropical Storm Haima (Egay),,,2011,6.0,19.0,2011,6.0,24.0,,,,,,,
2011-0576-VNM,Natural,Storm,Tropical Storm Haima (Egay),,,2011,6.0,19.0,2011,6.0,24.0,,,,,,,
2011-0576-VNM,Natural,Storm,Tropical Storm Haima (Egay),,,2011,6.0,19.0,2011,6.0,24.0,,,,,,,Bắc Giang
2011-0576-VNM,Natural,Storm,Tropical Storm Haima (Egay),,,2011,6.0,19.0,2011,6.0,24.0,,,,,,,Hà Giang
2011-0576-VNM,Natural,Storm,Tropical Storm Haima (Egay),,,2011,6.0,19.0,2011,6.0,24.0,,,,,,,
2011-0576-VNM,Natural,Storm,Tropical Storm Haima (Egay),,,2011,6.0,19.0,2011,6.0,24.0,,,,,,,Gia Lai
2011-0576-VNM,Natural,Storm,Tropical Storm Haima (Egay),,,2011,6.0,19.0,2011,6.0,24.0,,,,,,,
2011-0576-VNM,Natural,Storm,Tropical Storm Haima (Egay),,,2011,6.0,19.0,2011,6.0,24.0,,,,,,,Ninh Bình
2011-0576-VNM,Natural,Storm,Tropical Storm Haima (Egay),,,2011,6.0,19.0,2011,6.0,24.0,,,,,,,Cao Bằng
2011-0576-VNM,Natural,Storm,Tropical Storm Haima (Egay),,,2011,6.0,19.0,2011,6.0,24.0,,,,,,,Quảng Ngãi
2011-0576-VNM,Natural,Storm,Tropical Storm Haima (Egay),,,2011,6.0,19.0,2011,6.0,24.0,,,,,,,
2011-0576-VNM,Natural,Storm,Tropical Storm Haima (Egay),,,2011,6.0,19.0,2011,6.0,24.0,,,,,,,Quảng Nam
2011-0576-VNM,Natural,Storm,Tropical Storm Haima (Egay),,,2011,6.0,19.0,2011,6.0,24.0,,,,,,,
2011-0576-VNM,Natural,Storm,Tropical Storm Haima (Egay),,,2011,6.0,19.0,2011,6.0,24.0,,,,,,,
2011-0576-VNM,Natural,Storm,Tropical Storm Haima (Egay),,,2011,6.0,19.0,2011,6.0,24.0,,,,,,,
2011-0576-VNM,Natural,Storm,Tropical Storm Haima (Egay),,,2011,6.0,19.0,2011,6.0,24.0,,,,,,,Lai Châu
2011-0576-VNM,Natural,Storm,Tropical Storm Haima (Egay),,,2011,6.0,19.0,2011,6.0,24.0,,,,,,,Bắc Ninh
2011-0576-VNM,Natural,Storm,Tropical Storm Haima (Egay),,,2011,6.0,19.0,2011,6.0,24.0,,,,,,,
2011-0576-VNM,Natural,Storm,Tropical Storm Haima (Egay),,,2011,6.0,19.0,2011,6.0,24.0,,,,,,,Nghệ An
2011-0576-VNM,Natural,Storm,Tropical Storm Haima (Egay),,,2011,6.0,19.0,2011,6.0,24.0,,,,,,,
2011-0576-VNM,Natural,Storm,Tropical Storm Haima (Egay),,,2011,6.0,19.0,2011,6.0,24.0,,,,,,,
2011-0576-VNM,Natural,Storm,Tropical Storm Haima (Egay),,,2011,6.0,19.0,2011,6.0,24.0,,,,,,,Quảng Nam
2012-0259-VNM,Natural,Storm,Typhoon Vicente,,,2012,7.0,26.0,2012,7.0,27.0,10.0,3.0,,,,,Hà Giang
2012-0259-VNM,Natural,Storm,Typhoon Vicente,,,2012,7.0,26.0,2012,7.0,27.0,10.0,3.0,,,,,
2012-0259-VNM,Natural,Storm,Typhoon Vicente,,,2012,7.0,26.0,2012,7.0,27.0,10.0,3.0,,,,,Tuyên Quang
2012-0259-VNM,Natural,Storm,Typhoon Vicente,,,2012,7.0,26.0,2012,7.0,27.0,10.0,3.0,,,,,
2012-0259-VNM,Natural,Storm,Typhoon Vicente,,,2012,7.0,26.0,2012,7.0,27.0,10.0,3.0,,,,,Cao Bằng
2012-0294-VNM,Natural,Storm,TYphoon Kai-Tak,,,2012,8.0,17.0,2012,8.0,17.0,17.0,60479.0,,,6800.0,8668.0,
2012-0294-VNM,Natural,Storm,TYphoon Kai-Tak,,,2012,8.0,17.0,2012,8.0,17.0,17.0,60479.0,,,6800.0,8668.0,Quảng Ninh
2012-0294-VNM,Natural,Storm,TYphoon Kai-Tak,,,2012,8.0,17.0,2012,8.0,17.0,17.0,60479.0,,,6800.0,8668.0,
2012-0294-VNM,Natural,Storm,TYphoon Kai-Tak,,,2012,8.0,17.0,2012,8.0,17.0,17.0,60479.0,,,6800.0,8668.0,
2012-0351-VNM,Natural,Flood,,38.19,126.24,2012,9.0,2.0,2012,9.0,11.0,34.0,17540.0,2000.0,2549.0,30000.0,38240.0,Thanh Hóa
2012-0351-VNM,Natural,Flood,,38.19,126.24,2012,9.0,2.0,2012,9.0,11.0,34.0,17540.0,2000.0,2549.0,30000.0,38240.0,Nghệ An
2012-0351-VNM,Natural,Flood,,38.19,126.24,2012,9.0,2.0,2012,9.0,11.0,34.0,17540.0,2000.0,2549.0,30000.0,38240.0,
2012-0351-VNM,Natural,Flood,,38.19,126.24,2012,9.0,2.0,2012,9.0,11.0,34.0,17540.0,2000.0,2549.0,30000.0,38240.0,Ninh Bình
2012-0406-VNM,Natural,Storm,Typhoon Son Tinh (Ofel),,,2012,10.0,28.0,2012,10.0,28.0,11.0,278490.0,,,336000.0,428287.0,
2012-0406-VNM,Natural,Storm,Typhoon Son Tinh (Ofel),,,2012,10.0,28.0,2012,10.0,28.0,11.0,278490.0,,,336000.0,428287.0,Thanh Hóa
2012-0406-VNM,Natural,Storm,Typhoon Son Tinh (Ofel),,,2012,10.0,28.0,2012,10.0,28.0,11.0,278490.0,,,336000.0,428287.0,Nghệ An
2012-0406-VNM,Natural,Storm,Typhoon Son Tinh (Ofel),,,2012,10.0,28.0,2012,10.0,28.0,11.0,278490.0,,,336000.0,428287.0,Ninh Bình
2012-0406-VNM,Natural,Storm,Typhoon Son Tinh (Ofel),,,2012,10.0,28.0,2012,10.0,28.0,11.0,278490.0,,,336000.0,428287.0,
2012-0406-VNM,Natural,Storm,Typhoon Son Tinh (Ofel),,,2012,10.0,28.0,2012,10.0,28.0,11.0,278490.0,,,336000.0,428287.0,
2013-0266-VNM,Natural,Flood,,,,2013,7.0,28.0,2013,7.0,30.0,5.0,5000.0,,,6500.0,8166.0,Tuyên Quang
2013-0266-VNM,Natural,Flood,,,,2013,7.0,28.0,2013,7.0,30.0,5.0,5000.0,,,6500.0,8166.0,Lào Cai
2013-0266-VNM,Natural,Flood,,,,2013,7.0,28.0,2013,7.0,30.0,5.0,5000.0,,,6500.0,8166.0,Quảng Ninh
2013-0266-VNM,Natural,Flood,,,,2013,7.0,28.0,2013,7.0,30.0,5.0,5000.0,,,6500.0,8166.0,Sơn La
2013-0333-VNM,Natural,Flood,,,,2013,9.0,,2013,9.0,,23.0,,,,,,Lào Cai
2013-0333-VNM,Natural,Flood,,,,2013,9.0,,2013,9.0,,23.0,,,,,,Hà Giang
2013-0333-VNM,Natural,Flood,,,,2013,9.0,,2013,9.0,,23.0,,,,,,Lai Châu
2013-0341-VNM,Natural,Storm,Tropical storm Jebi,,,2013,8.0,2.0,2013,8.0,3.0,7.0,5011.0,,,1000.0,1256.0,
2013-0341-VNM,Natural,Storm,Tropical storm Jebi,,,2013,8.0,2.0,2013,8.0,3.0,7.0,5011.0,,,1000.0,1256.0,Thanh Hóa
2013-0341-VNM,Natural,Storm,Tropical storm Jebi,,,2013,8.0,2.0,2013,8.0,3.0,7.0,5011.0,,,1000.0,1256.0,
2013-0341-VNM,Natural,Storm,Tropical storm Jebi,,,2013,8.0,2.0,2013,8.0,3.0,7.0,5011.0,,,1000.0,1256.0,
2013-0341-VNM,Natural,Storm,Tropical storm Jebi,,,2013,8.0,2.0,2013,8.0,3.0,7.0,5011.0,,,1000.0,1256.0,Tuyên Quang
2013-0341-VNM,Natural,Storm,Tropical storm Jebi,,,2013,8.0,2.0,2013,8.0,3.0,7.0,5011.0,,,1000.0,1256.0,Sơn La
2013-0341-VNM,Natural,Storm,Tropical storm Jebi,,,2013,8.0,2.0,2013,8.0,3.0,7.0,5011.0,,,1000.0,1256.0,
2013-0341-VNM,Natural,Storm,Tropical storm Jebi,,,2013,8.0,2.0,2013,8.0,3.0,7.0,5011.0,,,1000.0,1256.0,
2013-0341-VNM,Natural,Storm,Tropical storm Jebi,,,2013,8.0,2.0,2013,8.0,3.0,7.0,5011.0,,,1000.0,1256.0,Lào Cai
2013-0341-VNM,Natural,Storm,Tropical storm Jebi,,,2013,8.0,2.0,2013,8.0,3.0,7.0,5011.0,,,1000.0,1256.0,Thái Nguyên
2013-0341-VNM,Natural,Storm,Tropical storm Jebi,,,2013,8.0,2.0,2013,8.0,3.0,7.0,5011.0,,,1000.0,1256.0,Quảng Ninh
2013-0341-VNM,Natural,Storm,Tropical storm Jebi,,,2013,8.0,2.0,2013,8.0,3.0,7.0,5011.0,,,1000.0,1256.0,
2013-0341-VNM,Natural,Storm,Tropical storm Jebi,,,2013,8.0,2.0,2013,8.0,3.0,7.0,5011.0,,,1000.0,1256.0,Bắc Giang
2013-0341-VNM,Natural,Storm,Tropical storm Jebi,,,2013,8.0,2.0,2013,8.0,3.0,7.0,5011.0,,,1000.0,1256.0,Hà Giang
2013-0341-VNM,Natural,Storm,Tropical storm Jebi,,,2013,8.0,2.0,2013,8.0,3.0,7.0,5011.0,,,1000.0,1256.0,
2013-0341-VNM,Natural,Storm,Tropical storm Jebi,,,2013,8.0,2.0,2013,8.0,3.0,7.0,5011.0,,,1000.0,1256.0,Ninh Bình
2013-0341-VNM,Natural,Storm,Tropical storm Jebi,,,2013,8.0,2.0,2013,8.0,3.0,7.0,5011.0,,,1000.0,1256.0,Cao Bằng
2013-0341-VNM,Natural,Storm,Tropical storm Jebi,,,2013,8.0,2.0,2013,8.0,3.0,7.0,5011.0,,,1000.0,1256.0,
2013-0341-VNM,Natural,Storm,Tropical storm Jebi,,,2013,8.0,2.0,2013,8.0,3.0,7.0,5011.0,,,1000.0,1256.0,
2013-0341-VNM,Natural,Storm,Tropical storm Jebi,,,2013,8.0,2.0,2013,8.0,3.0,7.0,5011.0,,,1000.0,1256.0,
2013-0341-VNM,Natural,Storm,Tropical storm Jebi,,,2013,8.0,2.0,2013,8.0,3.0,7.0,5011.0,,,1000.0,1256.0,
2013-0341-VNM,Natural,Storm,Tropical storm Jebi,,,2013,8.0,2.0,2013,8.0,3.0,7.0,5011.0,,,1000.0,1256.0,Lai Châu
2013-0341-VNM,Natural,Storm,Tropical storm Jebi,,,2013,8.0,2.0,2013,8.0,3.0,7.0,5011.0,,,1000.0,1256.0,Bắc Ninh
2013-0341-VNM,Natural,Storm,Tropical storm Jebi,,,2013,8.0,2.0,2013,8.0,3.0,7.0,5011.0,,,1000.0,1256.0,
2013-0341-VNM,Natural,Storm,Tropical storm Jebi,,,2013,8.0,2.0,2013,8.0,3.0,7.0,5011.0,,,1000.0,1256.0,
2013-0341-VNM,Natural,Storm,Tropical storm Jebi,,,2013,8.0,2.0,2013,8.0,3.0,7.0,5011.0,,,1000.0,1256.0,
2013-0341-VNM,Natural,Storm,Tropical storm Jebi,,,2013,8.0,2.0,2013,8.0,3.0,7.0,5011.0,,,1000.0,1256.0,Quảng Nam
2013-0380-VNM,Natural,Flood,,,,2013,9.0,24.0,2013,9.0,24.0,30.0,,,,,,
2013-0380-VNM,Natural,Flood,,,,2013,9.0,24.0,2013,9.0,24.0,30.0,,,,,,Kon Tum
2013-0380-VNM,Natural,Flood,,,,2013,9.0,24.0,2013,9.0,24.0,30.0,,,,,,Quảng Ninh
2013-0380-VNM,Natural,Flood,,,,2013,9.0,24.0,2013,9.0,24.0,30.0,,,,,,
2013-0380-VNM,Natural,Flood,,,,2013,9.0,24.0,2013,9.0,24.0,30.0,,,,,,
2013-0380-VNM,Natural,Flood,,,,2013,9.0,24.0,2013,9.0,24.0,30.0,,,,,,
2013-0380-VNM,Natural,Flood,,,,2013,9.0,24.0,2013,9.0,24.0,30.0,,,,,,
2013-0380-VNM,Natural,Flood,,,,2013,9.0,24.0,2013,9.0,24.0,30.0,,,,,,
2013-0380-VNM,Natural,Flood,,,,2013,9.0,24.0,2013,9.0,24.0,30.0,,,,,,Cà Mau
2013-0380-VNM,Natural,Flood,,,,2013,9.0,24.0,2013,9.0,24.0,30.0,,,,,,
2013-0380-VNM,Natural,Flood,,,,2013,9.0,24.0,2013,9.0,24.0,30.0,,,,,,
2013-0380-VNM,Natural,Flood,,,,2013,9.0,24.0,2013,9.0,24.0,30.0,,,,,,
2013-0380-VNM,Natural,Flood,,,,2013,9.0,24.0,2013,9.0,24.0,30.0,,,,,,
2013-0380-VNM,Natural,Flood,,,,2013,9.0,24.0,2013,9.0,24.0,30.0,,,,,,Tiền Giang
2013-0380-VNM,Natural,Flood,,,,2013,9.0,24.0,2013,9.0,24.0,30.0,,,,,,Ninh Thuận
2013-0380-VNM,Natural,Flood,,,,2013,9.0,24.0,2013,9.0,24.0,30.0,,,,,,Ninh Thuận
2013-0380-VNM,Natural,Flood,,,,2013,9.0,24.0,2013,9.0,24.0,30.0,,,,,,Gia Lai
2013-0380-VNM,Natural,Flood,,,,2013,9.0,24.0,2013,9.0,24.0,30.0,,,,,,Long An
2013-0380-VNM,Natural,Flood,,,,2013,9.0,24.0,2013,9.0,24.0,30.0,,,,,,
2013-0380-VNM,Natural,Flood,,,,2013,9.0,24.0,2013,9.0,24.0,30.0,,,,,,
2013-0380-VNM,Natural,Flood,,,,2013,9.0,24.0,2013,9.0,24.0,30.0,,,,,,Tây Ninh
2013-0380-VNM,Natural,Flood,,,,2013,9.0,24.0,2013,9.0,24.0,30.0,,,,,,
2013-0380-VNM,Natural,Flood,,,,2013,9.0,24.0,2013,9.0,24.0,30.0,,,,,,
2013-0380-VNM,Natural,Flood,,,,2013,9.0,24.0,2013,9.0,24.0,30.0,,,,,,
2013-0380-VNM,Natural,Flood,,,,2013,9.0,24.0,2013,9.0,24.0,30.0,,,,,,Quảng Ngãi
2013-0380-VNM,Natural,Flood,,,,2013,9.0,24.0,2013,9.0,24.0,30.0,,,,,,Trà Vinh
2013-0380-VNM,Natural,Flood,,,,2013,9.0,24.0,2013,9.0,24.0,30.0,,,,,,Hậu Giang
2013-0380-VNM,Natural,Flood,,,,2013,9.0,24.0,2013,9.0,24.0,30.0,,,,,,Quảng Nam
2013-0380-VNM,Natural,Flood,,,,2013,9.0,24.0,2013,9.0,24.0,30.0,,,,,,Bến Tre
2013-0380-VNM,Natural,Flood,,,,2013,9.0,24.0,2013,9.0,24.0,30.0,,,,,,
2013-0380-VNM,Natural,Flood,,,,2013,9.0,24.0,2013,9.0,24.0,30.0,,,,,,
2013-0380-VNM,Natural,Flood,,,,2013,9.0,24.0,2013,9.0,24.0,30.0,,,,,,Kiên Giang
2013-0380-VNM,Natural,Flood,,,,2013,9.0,24.0,2013,9.0,24.0,30.0,,,,,,Vĩnh Long
2013-0380-VNM,Natural,Flood,,,,2013,9.0,24.0,2013,9.0,24.0,30.0,,,,,,
2013-0380-VNM,Natural,Flood,,,,2013,9.0,24.0,2013,9.0,24.0,30.0,,,,,,
2013-0380-VNM,Natural,Flood,,,,2013,9.0,24.0,2013,9.0,24.0,30.0,,,,,,An Giang
2013-0412-VNM,Natural,Flood,,,,2013,9.0,3.0,2013,9.0,4.0,29.0,1000.0,,,,,
2013-0412-VNM,Natural,Flood,,,,2013,9.0,3.0,2013,9.0,4.0,29.0,1000.0,,,,,Thanh Hóa
2013-0412-VNM,Natural,Flood,,,,2013,9.0,3.0,2013,9.0,4.0,29.0,1000.0,,,,,Quảng Ninh
2013-0412-VNM,Natural,Flood,,,,2013,9.0,3.0,2013,9.0,4.0,29.0,1000.0,,,,,
2013-0412-VNM,Natural,Flood,,,,2013,9.0,3.0,2013,9.0,4.0,29.0,1000.0,,,,,
2013-0412-VNM,Natural,Flood,,,,2013,9.0,3.0,2013,9.0,4.0,29.0,1000.0,,,,,
2013-0412-VNM,Natural,Flood,,,,2013,9.0,3.0,2013,9.0,4.0,29.0,1000.0,,,,,Tuyên Quang
2013-0412-VNM,Natural,Flood,,,,2013,9.0,3.0,2013,9.0,4.0,29.0,1000.0,,,,,
2013-0412-VNM,Natural,Flood,,,,2013,9.0,3.0,2013,9.0,4.0,29.0,1000.0,,,,,
2013-0412-VNM,Natural,Flood,,,,2013,9.0,3.0,2013,9.0,4.0,29.0,1000.0,,,,,Sơn La
2013-0412-VNM,Natural,Flood,,,,2013,9.0,3.0,2013,9.0,4.0,29.0,1000.0,,,,,
2013-0412-VNM,Natural,Flood,,,,2013,9.0,3.0,2013,9.0,4.0,29.0,1000.0,,,,,Lào Cai
2013-0412-VNM,Natural,Flood,,,,2013,9.0,3.0,2013,9.0,4.0,29.0,1000.0,,,,,Thái Nguyên
2013-0412-VNM,Natural,Flood,,,,2013,9.0,3.0,2013,9.0,4.0,29.0,1000.0,,,,,Quảng Ninh
2013-0412-VNM,Natural,Flood,,,,2013,9.0,3.0,2013,9.0,4.0,29.0,1000.0,,,,,
2013-0412-VNM,Natural,Flood,,,,2013,9.0,3.0,2013,9.0,4.0,29.0,1000.0,,,,,
2013-0412-VNM,Natural,Flood,,,,2013,9.0,3.0,2013,9.0,4.0,29.0,1000.0,,,,,Bắc Giang
2013-0412-VNM,Natural,Flood,,,,2013,9.0,3.0,2013,9.0,4.0,29.0,1000.0,,,,,Hà Giang
2013-0412-VNM,Natural,Flood,,,,2013,9.0,3.0,2013,9.0,4.0,29.0,1000.0,,,,,
2013-0412-VNM,Natural,Flood,,,,2013,9.0,3.0,2013,9.0,4.0,29.0,1000.0,,,,,
2013-0412-VNM,Natural,Flood,,,,2013,9.0,3.0,2013,9.0,4.0,29.0,1000.0,,,,,Ninh Bình
2013-0412-VNM,Natural,Flood,,,,2013,9.0,3.0,2013,9.0,4.0,29.0,1000.0,,,,,Cao Bằng
2013-0412-VNM,Natural,Flood,,,,2013,9.0,3.0,2013,9.0,4.0,29.0,1000.0,,,,,
2013-0412-VNM,Natural,Flood,,,,2013,9.0,3.0,2013,9.0,4.0,29.0,1000.0,,,,,Quảng Nam
2013-0412-VNM,Natural,Flood,,,,2013,9.0,3.0,2013,9.0,4.0,29.0,1000.0,,,,,
2013-0412-VNM,Natural,Flood,,,,2013,9.0,3.0,2013,9.0,4.0,29.0,1000.0,,,,,
2013-0412-VNM,Natural,Flood,,,,2013,9.0,3.0,2013,9.0,4.0,29.0,1000.0,,,,,
2013-0412-VNM,Natural,Flood,,,,2013,9.0,3.0,2013,9.0,4.0,29.0,1000.0,,,,,Lai Châu
2013-0412-VNM,Natural,Flood,,,,2013,9.0,3.0,2013,9.0,4.0,29.0,1000.0,,,,,Bắc Ninh
2013-0412-VNM,Natural,Flood,,,,2013,9.0,3.0,2013,9.0,4.0,29.0,1000.0,,,,,
2013-0412-VNM,Natural,Flood,,,,2013,9.0,3.0,2013,9.0,4.0,29.0,1000.0,,,,,Nghệ An
2013-0412-VNM,Natural,Flood,,,,2013,9.0,3.0,2013,9.0,4.0,29.0,1000.0,,,,,
2013-0412-VNM,Natural,Flood,,,,2013,9.0,3.0,2013,9.0,4.0,29.0,1000.0,,,,,
2013-0412-VNM,Natural,Flood,,,,2013,9.0,3.0,2013,9.0,4.0,29.0,1000.0,,,,,Quảng Nam
2013-0417-VNM,Natural,Flood,,,,2013,9.0,16.0,2013,9.0,18.0,7.0,25000.0,,,,,Kon Tum
2013-0417-VNM,Natural,Flood,,,,2013,9.0,16.0,2013,9.0,18.0,7.0,25000.0,,,,,
2013-0417-VNM,Natural,Flood,,,,2013,9.0,16.0,2013,9.0,18.0,7.0,25000.0,,,,,
2013-0417-VNM,Natural,Flood,,,,2013,9.0,16.0,2013,9.0,18.0,7.0,25000.0,,,,,Quảng Ngãi
2013-0417-VNM,Natural,Flood,,,,2013,9.0,16.0,2013,9.0,18.0,7.0,25000.0,,,,,Quảng Nam
2013-0419-VNM,Natural,Storm,Typhoon Wutip ,,,2013,9.0,30.0,2013,10.0,15.0,31.0,1835585.0,,,663230.0,833190.0,Thanh Hóa
2013-0419-VNM,Natural,Storm,Typhoon Wutip ,,,2013,9.0,30.0,2013,10.0,15.0,31.0,1835585.0,,,663230.0,833190.0,Quảng Ngãi
2013-0419-VNM,Natural,Storm,Typhoon Wutip ,,,2013,9.0,30.0,2013,10.0,15.0,31.0,1835585.0,,,663230.0,833190.0,Quảng Ninh
2013-0419-VNM,Natural,Storm,Typhoon Wutip ,,,2013,9.0,30.0,2013,10.0,15.0,31.0,1835585.0,,,663230.0,833190.0,
2013-0419-VNM,Natural,Storm,Typhoon Wutip ,,,2013,9.0,30.0,2013,10.0,15.0,31.0,1835585.0,,,663230.0,833190.0,
2013-0419-VNM,Natural,Storm,Typhoon Wutip ,,,2013,9.0,30.0,2013,10.0,15.0,31.0,1835585.0,,,663230.0,833190.0,
2013-0419-VNM,Natural,Storm,Typhoon Wutip ,,,2013,9.0,30.0,2013,10.0,15.0,31.0,1835585.0,,,663230.0,833190.0,
2013-0419-VNM,Natural,Storm,Typhoon Wutip ,,,2013,9.0,30.0,2013,10.0,15.0,31.0,1835585.0,,,663230.0,833190.0,Nghệ An
2013-0419-VNM,Natural,Storm,Typhoon Wutip ,,,2013,9.0,30.0,2013,10.0,15.0,31.0,1835585.0,,,663230.0,833190.0,
2013-0419-VNM,Natural,Storm,Typhoon Wutip ,,,2013,9.0,30.0,2013,10.0,15.0,31.0,1835585.0,,,663230.0,833190.0,
2013-0419-VNM,Natural,Storm,Typhoon Wutip ,,,2013,9.0,30.0,2013,10.0,15.0,31.0,1835585.0,,,663230.0,833190.0,Quảng Nam
2013-0419-VNM,Natural,Storm,Typhoon Wutip ,,,2013,9.0,30.0,2013,10.0,15.0,31.0,1835585.0,,,663230.0,833190.0,
2013-0430-VNM,Natural,Storm,Tropical storm Nari (SAnti),,,2013,10.0,10.0,2013,10.0,15.0,20.0,109754.0,,,76000.0,95476.0,
2013-0430-VNM,Natural,Storm,Tropical storm Nari (SAnti),,,2013,10.0,10.0,2013,10.0,15.0,20.0,109754.0,,,76000.0,95476.0,Quảng Nam
2013-0430-VNM,Natural,Storm,Tropical storm Nari (SAnti),,,2013,10.0,10.0,2013,10.0,15.0,20.0,109754.0,,,76000.0,95476.0,
2013-0430-VNM,Natural,Storm,Tropical storm Nari (SAnti),,,2013,10.0,10.0,2013,10.0,15.0,20.0,109754.0,,,76000.0,95476.0,Quảng Ngãi
2013-0433-VNM,Natural,Storm,Typhoon Haiyan (Yolanda),,,2013,11.0,11.0,2013,11.0,11.0,16.0,13094.0,,,734000.0,922095.0,Bắc Giang
2013-0433-VNM,Natural,Storm,Typhoon Haiyan (Yolanda),,,2013,11.0,11.0,2013,11.0,11.0,16.0,13094.0,,,734000.0,922095.0,
2013-0433-VNM,Natural,Storm,Typhoon Haiyan (Yolanda),,,2013,11.0,11.0,2013,11.0,11.0,16.0,13094.0,,,734000.0,922095.0,Thanh Hóa
2013-0433-VNM,Natural,Storm,Typhoon Haiyan (Yolanda),,,2013,11.0,11.0,2013,11.0,11.0,16.0,13094.0,,,734000.0,922095.0,
2013-0433-VNM,Natural,Storm,Typhoon Haiyan (Yolanda),,,2013,11.0,11.0,2013,11.0,11.0,16.0,13094.0,,,734000.0,922095.0,
2013-0433-VNM,Natural,Storm,Typhoon Haiyan (Yolanda),,,2013,11.0,11.0,2013,11.0,11.0,16.0,13094.0,,,734000.0,922095.0,
2013-0433-VNM,Natural,Storm,Typhoon Haiyan (Yolanda),,,2013,11.0,11.0,2013,11.0,11.0,16.0,13094.0,,,734000.0,922095.0,Nghệ An
2013-0433-VNM,Natural,Storm,Typhoon Haiyan (Yolanda),,,2013,11.0,11.0,2013,11.0,11.0,16.0,13094.0,,,734000.0,922095.0,Quảng Ninh
2013-0433-VNM,Natural,Storm,Typhoon Haiyan (Yolanda),,,2013,11.0,11.0,2013,11.0,11.0,16.0,13094.0,,,734000.0,922095.0,Quảng Ngãi
2013-0433-VNM,Natural,Storm,Typhoon Haiyan (Yolanda),,,2013,11.0,11.0,2013,11.0,11.0,16.0,13094.0,,,734000.0,922095.0,Quảng Nam
2013-0433-VNM,Natural,Storm,Typhoon Haiyan (Yolanda),,,2013,11.0,11.0,2013,11.0,11.0,16.0,13094.0,,,734000.0,922095.0,
2013-0443-VNM,Natural,Flood,,15.58,107.7,2013,11.0,14.0,2013,11.0,20.0,47.0,2130001.0,,,72000.0,90451.0,Kon Tum
2013-0443-VNM,Natural,Flood,,15.58,107.7,2013,11.0,14.0,2013,11.0,20.0,47.0,2130001.0,,,72000.0,90451.0,Gia Lai
2013-0443-VNM,Natural,Flood,,15.58,107.7,2013,11.0,14.0,2013,11.0,20.0,47.0,2130001.0,,,72000.0,90451.0,Quảng Ngãi
2013-0443-VNM,Natural,Flood,,15.58,107.7,2013,11.0,14.0,2013,11.0,20.0,47.0,2130001.0,,,72000.0,90451.0,
2013-0443-VNM,Natural,Flood,,15.58,107.7,2013,11.0,14.0,2013,11.0,20.0,47.0,2130001.0,,,72000.0,90451.0,
2013-0443-VNM,Natural,Flood,,15.58,107.7,2013,11.0,14.0,2013,11.0,20.0,47.0,2130001.0,,,72000.0,90451.0,Quảng Nam
2013-0443-VNM,Natural,Flood,,15.58,107.7,2013,11.0,14.0,2013,11.0,20.0,47.0,2130001.0,,,72000.0,90451.0,
2014-0227-VNM,Natural,Storm,Typhoon Rammasun (Glenda),,,2014,7.0,19.0,2014,7.0,20.0,27.0,36000.0,,,6200.0,7664.0,
2014-0390-VNM,Natural,Storm,Typhoon Kalmaegi (Luis),,,2014,9.0,16.0,2014,9.0,16.0,11.0,11325.0,,,4500.0,5563.0,
2014-0390-VNM,Natural,Storm,Typhoon Kalmaegi (Luis),,,2014,9.0,16.0,2014,9.0,16.0,11.0,11325.0,,,4500.0,5563.0,Thanh Hóa
2014-0390-VNM,Natural,Storm,Typhoon Kalmaegi (Luis),,,2014,9.0,16.0,2014,9.0,16.0,11.0,11325.0,,,4500.0,5563.0,
2014-0390-VNM,Natural,Storm,Typhoon Kalmaegi (Luis),,,2014,9.0,16.0,2014,9.0,16.0,11.0,11325.0,,,4500.0,5563.0,
2014-0390-VNM,Natural,Storm,Typhoon Kalmaegi (Luis),,,2014,9.0,16.0,2014,9.0,16.0,11.0,11325.0,,,4500.0,5563.0,
2014-0390-VNM,Natural,Storm,Typhoon Kalmaegi (Luis),,,2014,9.0,16.0,2014,9.0,16.0,11.0,11325.0,,,4500.0,5563.0,Tuyên Quang
2014-0390-VNM,Natural,Storm,Typhoon Kalmaegi (Luis),,,2014,9.0,16.0,2014,9.0,16.0,11.0,11325.0,,,4500.0,5563.0,
2014-0390-VNM,Natural,Storm,Typhoon Kalmaegi (Luis),,,2014,9.0,16.0,2014,9.0,16.0,11.0,11325.0,,,4500.0,5563.0,Sơn La
2014-0390-VNM,Natural,Storm,Typhoon Kalmaegi (Luis),,,2014,9.0,16.0,2014,9.0,16.0,11.0,11325.0,,,4500.0,5563.0,
2014-0390-VNM,Natural,Storm,Typhoon Kalmaegi (Luis),,,2014,9.0,16.0,2014,9.0,16.0,11.0,11325.0,,,4500.0,5563.0,Lào Cai
2014-0390-VNM,Natural,Storm,Typhoon Kalmaegi (Luis),,,2014,9.0,16.0,2014,9.0,16.0,11.0,11325.0,,,4500.0,5563.0,Thái Nguyên
2014-0390-VNM,Natural,Storm,Typhoon Kalmaegi (Luis),,,2014,9.0,16.0,2014,9.0,16.0,11.0,11325.0,,,4500.0,5563.0,Quảng Ninh
2014-0390-VNM,Natural,Storm,Typhoon Kalmaegi (Luis),,,2014,9.0,16.0,2014,9.0,16.0,11.0,11325.0,,,4500.0,5563.0,
2014-0390-VNM,Natural,Storm,Typhoon Kalmaegi (Luis),,,2014,9.0,16.0,2014,9.0,16.0,11.0,11325.0,,,4500.0,5563.0,Bắc Giang
2014-0390-VNM,Natural,Storm,Typhoon Kalmaegi (Luis),,,2014,9.0,16.0,2014,9.0,16.0,11.0,11325.0,,,4500.0,5563.0,Hà Giang
2014-0390-VNM,Natural,Storm,Typhoon Kalmaegi (Luis),,,2014,9.0,16.0,2014,9.0,16.0,11.0,11325.0,,,4500.0,5563.0,
2014-0390-VNM,Natural,Storm,Typhoon Kalmaegi (Luis),,,2014,9.0,16.0,2014,9.0,16.0,11.0,11325.0,,,4500.0,5563.0,Ninh Bình
2014-0390-VNM,Natural,Storm,Typhoon Kalmaegi (Luis),,,2014,9.0,16.0,2014,9.0,16.0,11.0,11325.0,,,4500.0,5563.0,Cao Bằng
2014-0390-VNM,Natural,Storm,Typhoon Kalmaegi (Luis),,,2014,9.0,16.0,2014,9.0,16.0,11.0,11325.0,,,4500.0,5563.0,
2014-0390-VNM,Natural,Storm,Typhoon Kalmaegi (Luis),,,2014,9.0,16.0,2014,9.0,16.0,11.0,11325.0,,,4500.0,5563.0,
2014-0390-VNM,Natural,Storm,Typhoon Kalmaegi (Luis),,,2014,9.0,16.0,2014,9.0,16.0,11.0,11325.0,,,4500.0,5563.0,
2014-0390-VNM,Natural,Storm,Typhoon Kalmaegi (Luis),,,2014,9.0,16.0,2014,9.0,16.0,11.0,11325.0,,,4500.0,5563.0,
2014-0390-VNM,Natural,Storm,Typhoon Kalmaegi (Luis),,,2014,9.0,16.0,2014,9.0,16.0,11.0,11325.0,,,4500.0,5563.0,Lai Châu
2014-0390-VNM,Natural,Storm,Typhoon Kalmaegi (Luis),,,2014,9.0,16.0,2014,9.0,16.0,11.0,11325.0,,,4500.0,5563.0,Bắc Ninh
2014-0390-VNM,Natural,Storm,Typhoon Kalmaegi (Luis),,,2014,9.0,16.0,2014,9.0,16.0,11.0,11325.0,,,4500.0,5563.0,
2014-0390-VNM,Natural,Storm,Typhoon Kalmaegi (Luis),,,2014,9.0,16.0,2014,9.0,16.0,11.0,11325.0,,,4500.0,5563.0,Nghệ An
2014-0390-VNM,Natural,Storm,Typhoon Kalmaegi (Luis),,,2014,9.0,16.0,2014,9.0,16.0,11.0,11325.0,,,4500.0,5563.0,
2014-0390-VNM,Natural,Storm,Typhoon Kalmaegi (Luis),,,2014,9.0,16.0,2014,9.0,16.0,11.0,11325.0,,,4500.0,5563.0,
2014-0390-VNM,Natural,Storm,Typhoon Kalmaegi (Luis),,,2014,9.0,16.0,2014,9.0,16.0,11.0,11325.0,,,4500.0,5563.0,Quảng Nam
2014-0474-VNM,Natural,Storm,Tropical storm 'Sinlaku' (Queenie),,,2014,11.0,30.0,2014,11.0,30.0,,750.0,,,,,
2014-0474-VNM,Natural,Storm,Tropical storm 'Sinlaku' (Queenie),,,2014,11.0,30.0,2014,11.0,30.0,,750.0,,,,,
2015-0252-VNM,Natural,Storm,Tropical storm Kujira,,,2015,6.0,24.0,2015,6.0,29.0,7.0,115.0,,,,,Sơn La
2015-0292-VNM,Natural,Flood,,20.8137,106.86,2015,7.0,25.0,2015,8.0,5.0,32.0,15000.0,,,204000.0,251887.0,Quảng Ninh
2015-0460-VNM,Natural,Flood,,20.567,104.762,2015,9.0,7.0,2015,9.0,11.0,2.0,100.0,,,,,
2015-0460-VNM,Natural,Flood,,20.567,104.762,2015,9.0,7.0,2015,9.0,11.0,2.0,100.0,,,,,Lai Châu
2015-0460-VNM,Natural,Flood,,20.567,104.762,2015,9.0,7.0,2015,9.0,11.0,2.0,100.0,,,,,Ninh Thuận
2015-0460-VNM,Natural,Flood,,20.567,104.762,2015,9.0,7.0,2015,9.0,11.0,2.0,100.0,,,,,
2015-0460-VNM,Natural,Flood,,20.567,104.762,2015,9.0,7.0,2015,9.0,11.0,2.0,100.0,,,,,
2015-0460-VNM,Natural,Flood,,20.567,104.762,2015,9.0,7.0,2015,9.0,11.0,2.0,100.0,,,,,An Giang
2015-0460-VNM,Natural,Flood,,20.567,104.762,2015,9.0,7.0,2015,9.0,11.0,2.0,100.0,,,,,
2015-0460-VNM,Natural,Flood,,20.567,104.762,2015,9.0,7.0,2015,9.0,11.0,2.0,100.0,,,,,
2015-0460-VNM,Natural,Flood,,20.567,104.762,2015,9.0,7.0,2015,9.0,11.0,2.0,100.0,,,,,Cao Bằng
2015-0620-VNM,Natural,Storm,Cyclone Vamco,,,2015,9.0,14.0,2015,9.0,14.0,11.0,,,,218.0,269.0,Thanh Hóa
2015-0620-VNM,Natural,Storm,Cyclone Vamco,,,2015,9.0,14.0,2015,9.0,14.0,11.0,,,,218.0,269.0,Quảng Nam
2015-0620-VNM,Natural,Storm,Cyclone Vamco,,,2015,9.0,14.0,2015,9.0,14.0,11.0,,,,218.0,269.0,
2015-0620-VNM,Natural,Storm,Cyclone Vamco,,,2015,9.0,14.0,2015,9.0,14.0,11.0,,,,218.0,269.0,Quảng Ngãi
2015-9617-VNM,Natural,Drought,,,,2015,12.0,,2017,2.0,,,1750000.0,,,6750000.0,8334508.0,
2015-9617-VNM,Natural,Drought,,,,2015,12.0,,2017,2.0,,,1750000.0,,,6750000.0,8334508.0,Kon Tum
2015-9617-VNM,Natural,Drought,,,,2015,12.0,,2017,2.0,,,1750000.0,,,6750000.0,8334508.0,
2015-9617-VNM,Natural,Drought,,,,2015,12.0,,2017,2.0,,,1750000.0,,,6750000.0,8334508.0,
2015-9617-VNM,Natural,Drought,,,,2015,12.0,,2017,2.0,,,1750000.0,,,6750000.0,8334508.0,
2015-9617-VNM,Natural,Drought,,,,2015,12.0,,2017,2.0,,,1750000.0,,,6750000.0,8334508.0,
2015-9617-VNM,Natural,Drought,,,,2015,12.0,,2017,2.0,,,1750000.0,,,6750000.0,8334508.0,
2015-9617-VNM,Natural,Drought,,,,2015,12.0,,2017,2.0,,,1750000.0,,,6750000.0,8334508.0,Tiền Giang
2015-9617-VNM,Natural,Drought,,,,2015,12.0,,2017,2.0,,,1750000.0,,,6750000.0,8334508.0,Ninh Thuận
2015-9617-VNM,Natural,Drought,,,,2015,12.0,,2017,2.0,,,1750000.0,,,6750000.0,8334508.0,Ninh Thuận
2015-9617-VNM,Natural,Drought,,,,2015,12.0,,2017,2.0,,,1750000.0,,,6750000.0,8334508.0,Gia Lai
2015-9617-VNM,Natural,Drought,,,,2015,12.0,,2017,2.0,,,1750000.0,,,6750000.0,8334508.0,Long An
2015-9617-VNM,Natural,Drought,,,,2015,12.0,,2017,2.0,,,1750000.0,,,6750000.0,8334508.0,
2015-9617-VNM,Natural,Drought,,,,2015,12.0,,2017,2.0,,,1750000.0,,,6750000.0,8334508.0,Tây Ninh
2015-9617-VNM,Natural,Drought,,,,2015,12.0,,2017,2.0,,,1750000.0,,,6750000.0,8334508.0,
2015-9617-VNM,Natural,Drought,,,,2015,12.0,,2017,2.0,,,1750000.0,,,6750000.0,8334508.0,
2015-9617-VNM,Natural,Drought,,,,2015,12.0,,2017,2.0,,,1750000.0,,,6750000.0,8334508.0,
2015-9617-VNM,Natural,Drought,,,,2015,12.0,,2017,2.0,,,1750000.0,,,6750000.0,8334508.0,Quảng Ngãi
2015-9617-VNM,Natural,Drought,,,,2015,12.0,,2017,2.0,,,1750000.0,,,6750000.0,8334508.0,Trà Vinh
2015-9617-VNM,Natural,Drought,,,,2015,12.0,,2017,2.0,,,1750000.0,,,6750000.0,8334508.0,Hậu Giang
2015-9617-VNM,Natural,Drought,,,,2015,12.0,,2017,2.0,,,1750000.0,,,6750000.0,8334508.0,Quảng Nam
2015-9617-VNM,Natural,Drought,,,,2015,12.0,,2017,2.0,,,1750000.0,,,6750000.0,8334508.0,Bến Tre
2015-9617-VNM,Natural,Drought,,,,2015,12.0,,2017,2.0,,,1750000.0,,,6750000.0,8334508.0,
2015-9617-VNM,Natural,Drought,,,,2015,12.0,,2017,2.0,,,1750000.0,,,6750000.0,8334508.0,
2015-9617-VNM,Natural,Drought,,,,2015,12.0,,2017,2.0,,,1750000.0,,,6750000.0,8334508.0,Vĩnh Long
2015-9617-VNM,Natural,Drought,,,,2015,12.0,,2017,2.0,,,1750000.0,,,6750000.0,8334508.0,
2015-9617-VNM,Natural,Drought,,,,2015,12.0,,2017,2.0,,,1750000.0,,,6750000.0,8334508.0,
2015-9617-VNM,Natural,Drought,,,,2015,12.0,,2017,2.0,,,1750000.0,,,6750000.0,8334508.0,An Giang
2016-0268-VNM,Natural,Storm,Storm Mirinae,,,2016,7.0,28.0,2016,7.0,28.0,1.0,191750.0,,,191000.0,232897.0,Ninh Bình
2016-0268-VNM,Natural,Storm,Storm Mirinae,,,2016,7.0,28.0,2016,7.0,28.0,1.0,191750.0,,,191000.0,232897.0,
2016-0268-VNM,Natural,Storm,Storm Mirinae,,,2016,7.0,28.0,2016,7.0,28.0,1.0,191750.0,,,191000.0,232897.0,
2016-0362-VNM,Natural,Storm,Tropical storm Aere,,,2016,10.0,13.0,2016,10.0,15.0,34.0,610000.0,,,350000.0,426776.0,Quảng Ninh
2016-0362-VNM,Natural,Storm,Tropical storm Aere,,,2016,10.0,13.0,2016,10.0,15.0,34.0,610000.0,,,350000.0,426776.0,
2016-0362-VNM,Natural,Storm,Tropical storm Aere,,,2016,10.0,13.0,2016,10.0,15.0,34.0,610000.0,,,350000.0,426776.0,
2016-0362-VNM,Natural,Storm,Tropical storm Aere,,,2016,10.0,13.0,2016,10.0,15.0,34.0,610000.0,,,350000.0,426776.0,Nghệ An
2016-0362-VNM,Natural,Storm,Tropical storm Aere,,,2016,10.0,13.0,2016,10.0,15.0,34.0,610000.0,,,350000.0,426776.0,
2016-0371-VNM,Natural,Storm,Typhoon Carina (Nida),,,2016,8.0,2.0,2016,8.0,2.0,25.0,182500.0,,,144000.0,175588.0,
2016-0371-VNM,Natural,Storm,Typhoon Carina (Nida),,,2016,8.0,2.0,2016,8.0,2.0,25.0,182500.0,,,144000.0,175588.0,
2016-0371-VNM,Natural,Storm,Typhoon Carina (Nida),,,2016,8.0,2.0,2016,8.0,2.0,25.0,182500.0,,,144000.0,175588.0,
2016-0371-VNM,Natural,Storm,Typhoon Carina (Nida),,,2016,8.0,2.0,2016,8.0,2.0,25.0,182500.0,,,144000.0,175588.0,
2016-0379-VNM,Natural,Storm,Tropical storm Dianmu,,,2016,8.0,18.0,2016,8.0,21.0,11.0,11090.0,,,157.0,191.0,Lào Cai
2016-0379-VNM,Natural,Storm,Tropical storm Dianmu,,,2016,8.0,18.0,2016,8.0,21.0,11.0,11090.0,,,157.0,191.0,Bắc Giang
2016-0379-VNM,Natural,Storm,Tropical storm Dianmu,,,2016,8.0,18.0,2016,8.0,21.0,11.0,11090.0,,,157.0,191.0,
2016-0379-VNM,Natural,Storm,Tropical storm Dianmu,,,2016,8.0,18.0,2016,8.0,21.0,11.0,11090.0,,,157.0,191.0,
2016-0379-VNM,Natural,Storm,Tropical storm Dianmu,,,2016,8.0,18.0,2016,8.0,21.0,11.0,11090.0,,,157.0,191.0,
2016-0379-VNM,Natural,Storm,Tropical storm Dianmu,,,2016,8.0,18.0,2016,8.0,21.0,11.0,11090.0,,,157.0,191.0,Thanh Hóa
2016-0379-VNM,Natural,Storm,Tropical storm Dianmu,,,2016,8.0,18.0,2016,8.0,21.0,11.0,11090.0,,,157.0,191.0,Lai Châu
2016-0379-VNM,Natural,Storm,Tropical storm Dianmu,,,2016,8.0,18.0,2016,8.0,21.0,11.0,11090.0,,,157.0,191.0,Nghệ An
2016-0379-VNM,Natural,Storm,Tropical storm Dianmu,,,2016,8.0,18.0,2016,8.0,21.0,11.0,11090.0,,,157.0,191.0,Quảng Ninh
2016-0379-VNM,Natural,Storm,Tropical storm Dianmu,,,2016,8.0,18.0,2016,8.0,21.0,11.0,11090.0,,,157.0,191.0,
2016-0379-VNM,Natural,Storm,Tropical storm Dianmu,,,2016,8.0,18.0,2016,8.0,21.0,11.0,11090.0,,,157.0,191.0,
2016-0379-VNM,Natural,Storm,Tropical storm Dianmu,,,2016,8.0,18.0,2016,8.0,21.0,11.0,11090.0,,,157.0,191.0,Sơn La
2016-0400-VNM,Natural,Flood,,16.004,107.68,2016,10.0,9.0,2016,10.0,16.0,35.0,659615.0,,,104280.0,127155.0,Quảng Ninh
2016-0400-VNM,Natural,Flood,,16.004,107.68,2016,10.0,9.0,2016,10.0,16.0,35.0,659615.0,,,104280.0,127155.0,
2016-0400-VNM,Natural,Flood,,16.004,107.68,2016,10.0,9.0,2016,10.0,16.0,35.0,659615.0,,,104280.0,127155.0,
2016-0400-VNM,Natural,Flood,,16.004,107.68,2016,10.0,9.0,2016,10.0,16.0,35.0,659615.0,,,104280.0,127155.0,Nghệ An
2016-0400-VNM,Natural,Flood,,16.004,107.68,2016,10.0,9.0,2016,10.0,16.0,35.0,659615.0,,,104280.0,127155.0,
2016-0497-VNM,Natural,Flood,,,,2016,12.0,12.0,2016,12.0,20.0,27.0,562121.0,,,35000.0,42678.0,Quảng Ngãi
2016-0497-VNM,Natural,Flood,,,,2016,12.0,12.0,2016,12.0,20.0,27.0,562121.0,,,35000.0,42678.0,Quảng Nam
2016-0497-VNM,Natural,Flood,,,,2016,12.0,12.0,2016,12.0,20.0,27.0,562121.0,,,35000.0,42678.0,
2016-0497-VNM,Natural,Flood,,,,2016,12.0,12.0,2016,12.0,20.0,27.0,562121.0,,,35000.0,42678.0,
2016-0573-VNM,Natural,Flood,,,,2016,8.0,12.0,2016,8.0,14.0,8.0,509.0,,,,,Lào Cai
2016-0573-VNM,Natural,Flood,,,,2016,8.0,12.0,2016,8.0,14.0,8.0,509.0,,,,,
2016-0573-VNM,Natural,Flood,,,,2016,8.0,12.0,2016,8.0,14.0,8.0,509.0,,,,,
2016-0573-VNM,Natural,Flood,,,,2016,8.0,12.0,2016,8.0,14.0,8.0,509.0,,,,,Thanh Hóa
2016-0573-VNM,Natural,Flood,,,,2016,8.0,12.0,2016,8.0,14.0,8.0,509.0,,,,,
2016-0573-VNM,Natural,Flood,,,,2016,8.0,12.0,2016,8.0,14.0,8.0,509.0,,,,,Thái Nguyên
2016-0573-VNM,Natural,Flood,,,,2016,8.0,12.0,2016,8.0,14.0,8.0,509.0,,,,,
2016-0573-VNM,Natural,Flood,,,,2016,8.0,12.0,2016,8.0,14.0,8.0,509.0,,,,,Sơn La
2017-0259-VNM,Natural,Flood,,,,2017,6.0,27.0,2017,7.0,5.0,1.0,4104.0,,,355.0,424.0,Cà Mau
2017-0259-VNM,Natural,Flood,,,,2017,6.0,27.0,2017,7.0,5.0,1.0,4104.0,,,355.0,424.0,Lào Cai
2017-0259-VNM,Natural,Flood,,,,2017,6.0,27.0,2017,7.0,5.0,1.0,4104.0,,,355.0,424.0,
2017-0259-VNM,Natural,Flood,,,,2017,6.0,27.0,2017,7.0,5.0,1.0,4104.0,,,355.0,424.0,Hà Giang
2017-0259-VNM,Natural,Flood,,,,2017,6.0,27.0,2017,7.0,5.0,1.0,4104.0,,,355.0,424.0,Lai Châu
2017-0259-VNM,Natural,Flood,,,,2017,6.0,27.0,2017,7.0,5.0,1.0,4104.0,,,355.0,424.0,
2017-0259-VNM,Natural,Flood,,,,2017,6.0,27.0,2017,7.0,5.0,1.0,4104.0,,,355.0,424.0,Ninh Thuận
2017-0259-VNM,Natural,Flood,,,,2017,6.0,27.0,2017,7.0,5.0,1.0,4104.0,,,355.0,424.0,Thái Nguyên
2017-0259-VNM,Natural,Flood,,,,2017,6.0,27.0,2017,7.0,5.0,1.0,4104.0,,,355.0,424.0,An Giang
2017-0259-VNM,Natural,Flood,,,,2017,6.0,27.0,2017,7.0,5.0,1.0,4104.0,,,355.0,424.0,Tuyên Quang
2017-0259-VNM,Natural,Flood,,,,2017,6.0,27.0,2017,7.0,5.0,1.0,4104.0,,,355.0,424.0,
2017-0259-VNM,Natural,Flood,,,,2017,6.0,27.0,2017,7.0,5.0,1.0,4104.0,,,355.0,424.0,Cao Bằng
2017-0270-VNM,Natural,Flood,,,,2017,7.0,7.0,2017,7.0,10.0,14.0,400.0,,,1300.0,1552.0,Hà Giang
2017-0270-VNM,Natural,Flood,,,,2017,7.0,7.0,2017,7.0,10.0,14.0,400.0,,,1300.0,1552.0,Thái Nguyên
2017-0270-VNM,Natural,Flood,,,,2017,7.0,7.0,2017,7.0,10.0,14.0,400.0,,,1300.0,1552.0,
2017-0270-VNM,Natural,Flood,,,,2017,7.0,7.0,2017,7.0,10.0,14.0,400.0,,,1300.0,1552.0,
2017-0270-VNM,Natural,Flood,,,,2017,7.0,7.0,2017,7.0,10.0,14.0,400.0,,,1300.0,1552.0,Cao Bằng
2017-0281-VNM,Natural,Storm,Tropical Storm Talas,,,2017,7.0,17.0,2017,7.0,18.0,9.0,21000.0,,,71000.0,84769.0,Thanh Hóa
2017-0281-VNM,Natural,Storm,Tropical Storm Talas,,,2017,7.0,17.0,2017,7.0,18.0,9.0,21000.0,,,71000.0,84769.0,Nghệ An
2017-0281-VNM,Natural,Storm,Tropical Storm Talas,,,2017,7.0,17.0,2017,7.0,18.0,9.0,21000.0,,,71000.0,84769.0,
2017-0281-VNM,Natural,Storm,Tropical Storm Talas,,,2017,7.0,17.0,2017,7.0,18.0,9.0,21000.0,,,71000.0,84769.0,
2017-0337-VNM,Natural,Flood,,,,2017,8.0,3.0,2017,8.0,3.0,39.0,4161.0,,,88000.0,105066.0,
2017-0337-VNM,Natural,Flood,,,,2017,8.0,3.0,2017,8.0,3.0,39.0,4161.0,,,88000.0,105066.0,Lai Châu
2017-0337-VNM,Natural,Flood,,,,2017,8.0,3.0,2017,8.0,3.0,39.0,4161.0,,,88000.0,105066.0,
2017-0337-VNM,Natural,Flood,,,,2017,8.0,3.0,2017,8.0,3.0,39.0,4161.0,,,88000.0,105066.0,
2017-0337-VNM,Natural,Flood,,,,2017,8.0,3.0,2017,8.0,3.0,39.0,4161.0,,,88000.0,105066.0,Sơn La
2017-0352-VNM,Natural,Storm,Typhoon 'Hato',,,2017,8.0,24.0,2017,8.0,24.0,1.0,1.0,,,1430000.0,1707315.0,Lào Cai
2017-0406-VNM,Natural,Storm,Typhoon 'Doksuri',,,2017,9.0,15.0,2017,9.0,16.0,14.0,692012.0,,,484000.0,577860.0,Thanh Hóa
2017-0406-VNM,Natural,Storm,Typhoon 'Doksuri',,,2017,9.0,15.0,2017,9.0,16.0,14.0,692012.0,,,484000.0,577860.0,
2017-0406-VNM,Natural,Storm,Typhoon 'Doksuri',,,2017,9.0,15.0,2017,9.0,16.0,14.0,692012.0,,,484000.0,577860.0,Quảng Ninh
2017-0406-VNM,Natural,Storm,Typhoon 'Doksuri',,,2017,9.0,15.0,2017,9.0,16.0,14.0,692012.0,,,484000.0,577860.0,
2017-0406-VNM,Natural,Storm,Typhoon 'Doksuri',,,2017,9.0,15.0,2017,9.0,16.0,14.0,692012.0,,,484000.0,577860.0,
2017-0406-VNM,Natural,Storm,Typhoon 'Doksuri',,,2017,9.0,15.0,2017,9.0,16.0,14.0,692012.0,,,484000.0,577860.0,Nghệ An
2017-0406-VNM,Natural,Storm,Typhoon 'Doksuri',,,2017,9.0,15.0,2017,9.0,16.0,14.0,692012.0,,,484000.0,577860.0,
2017-0422-VNM,Natural,Storm,Typhoon 'Damrey' / 'Ramil',,,2017,11.0,4.0,2017,11.0,5.0,123.0,4330000.0,,,1000000.0,1193926.0,Kon Tum
2017-0422-VNM,Natural,Storm,Typhoon 'Damrey' / 'Ramil',,,2017,11.0,4.0,2017,11.0,5.0,123.0,4330000.0,,,1000000.0,1193926.0,Gia Lai
2017-0422-VNM,Natural,Storm,Typhoon 'Damrey' / 'Ramil',,,2017,11.0,4.0,2017,11.0,5.0,123.0,4330000.0,,,1000000.0,1193926.0,Quảng Ngãi
2017-0422-VNM,Natural,Storm,Typhoon 'Damrey' / 'Ramil',,,2017,11.0,4.0,2017,11.0,5.0,123.0,4330000.0,,,1000000.0,1193926.0,
2017-0422-VNM,Natural,Storm,Typhoon 'Damrey' / 'Ramil',,,2017,11.0,4.0,2017,11.0,5.0,123.0,4330000.0,,,1000000.0,1193926.0,
2017-0422-VNM,Natural,Storm,Typhoon 'Damrey' / 'Ramil',,,2017,11.0,4.0,2017,11.0,5.0,123.0,4330000.0,,,1000000.0,1193926.0,
2017-0422-VNM,Natural,Storm,Typhoon 'Damrey' / 'Ramil',,,2017,11.0,4.0,2017,11.0,5.0,123.0,4330000.0,,,1000000.0,1193926.0,
2017-0422-VNM,Natural,Storm,Typhoon 'Damrey' / 'Ramil',,,2017,11.0,4.0,2017,11.0,5.0,123.0,4330000.0,,,1000000.0,1193926.0,
2017-0422-VNM,Natural,Storm,Typhoon 'Damrey' / 'Ramil',,,2017,11.0,4.0,2017,11.0,5.0,123.0,4330000.0,,,1000000.0,1193926.0,Quảng Nam
2017-0422-VNM,Natural,Storm,Typhoon 'Damrey' / 'Ramil',,,2017,11.0,4.0,2017,11.0,5.0,123.0,4330000.0,,,1000000.0,1193926.0,
2017-0428-VNM,Natural,Flood,,,,2017,10.0,8.0,2017,10.0,16.0,75.0,40038.0,,,0.0,0.0,
2017-0428-VNM,Natural,Flood,,,,2017,10.0,8.0,2017,10.0,16.0,75.0,40038.0,,,0.0,0.0,
2017-0428-VNM,Natural,Flood,,,,2017,10.0,8.0,2017,10.0,16.0,75.0,40038.0,,,0.0,0.0,Thanh Hóa
2017-0428-VNM,Natural,Flood,,,,2017,10.0,8.0,2017,10.0,16.0,75.0,40038.0,,,0.0,0.0,
2017-0428-VNM,Natural,Flood,,,,2017,10.0,8.0,2017,10.0,16.0,75.0,40038.0,,,0.0,0.0,
2017-0428-VNM,Natural,Flood,,,,2017,10.0,8.0,2017,10.0,16.0,75.0,40038.0,,,0.0,0.0,Nghệ An
2017-0428-VNM,Natural,Flood,,,,2017,10.0,8.0,2017,10.0,16.0,75.0,40038.0,,,0.0,0.0,Sơn La
2017-0428-VNM,Natural,Flood,,,,2017,10.0,8.0,2017,10.0,16.0,75.0,40038.0,,,0.0,0.0,
2017-0428-VNM,Natural,Flood,,,,2017,10.0,8.0,2017,10.0,16.0,75.0,40038.0,,,0.0,0.0,Quảng Nam
2017-0428-VNM,Natural,Flood,,,,2017,10.0,8.0,2017,10.0,16.0,75.0,40038.0,,,0.0,0.0,
2017-0492-VNM,Natural,Flood,,11.664,108.399,2017,11.0,19.0,2017,11.0,24.0,8.0,41500.0,,,,,
2017-0492-VNM,Natural,Flood,,11.664,108.399,2017,11.0,19.0,2017,11.0,24.0,8.0,41500.0,,,,,
2017-0492-VNM,Natural,Flood,,11.664,108.399,2017,11.0,19.0,2017,11.0,24.0,8.0,41500.0,,,,,
2017-0492-VNM,Natural,Flood,,11.664,108.399,2017,11.0,19.0,2017,11.0,24.0,8.0,41500.0,,,,,Quảng Ngãi
2017-0492-VNM,Natural,Flood,,11.664,108.399,2017,11.0,19.0,2017,11.0,24.0,8.0,41500.0,,,,,Quảng Nam
2017-0492-VNM,Natural,Flood,,11.664,108.399,2017,11.0,19.0,2017,11.0,24.0,8.0,41500.0,,,,,
2018-0204-VNM,Natural,Flood,,,,2018,6.0,23.0,2018,6.0,27.0,33.0,16728.0,,,23000.0,26806.0,Lai Châu
2018-0227-VNM,Natural,Storm,Tyhoon 'Son Tinh',,,2018,7.0,18.0,2018,7.0,22.0,34.0,96000.0,,,220000.0,256401.0,
2018-0305-VNM,Natural,Storm,Typhoon 'Bebinca',,,2018,8.0,17.0,2018,8.0,19.0,13.0,50000.0,,,2000.0,2331.0,Bắc Giang
2018-0305-VNM,Natural,Storm,Typhoon 'Bebinca',,,2018,8.0,17.0,2018,8.0,19.0,13.0,50000.0,,,2000.0,2331.0,
2018-0305-VNM,Natural,Storm,Typhoon 'Bebinca',,,2018,8.0,17.0,2018,8.0,19.0,13.0,50000.0,,,2000.0,2331.0,Thanh Hóa
2018-0305-VNM,Natural,Storm,Typhoon 'Bebinca',,,2018,8.0,17.0,2018,8.0,19.0,13.0,50000.0,,,2000.0,2331.0,Nghệ An
2018-0305-VNM,Natural,Storm,Typhoon 'Bebinca',,,2018,8.0,17.0,2018,8.0,19.0,13.0,50000.0,,,2000.0,2331.0,Sơn La
2018-0448-VNM,Natural,Flood,,,,2018,12.0,8.0,2018,12.0,10.0,14.0,105000.0,,,25000.0,29137.0,Thanh Hóa
2018-0448-VNM,Natural,Flood,,,,2018,12.0,8.0,2018,12.0,10.0,14.0,105000.0,,,25000.0,29137.0,
2018-0448-VNM,Natural,Flood,,,,2018,12.0,8.0,2018,12.0,10.0,14.0,105000.0,,,25000.0,29137.0,
2018-0448-VNM,Natural,Flood,,,,2018,12.0,8.0,2018,12.0,10.0,14.0,105000.0,,,25000.0,29137.0,Nghệ An
2018-0448-VNM,Natural,Flood,,,,2018,12.0,8.0,2018,12.0,10.0,14.0,105000.0,,,25000.0,29137.0,Quảng Ngãi
2018-0448-VNM,Natural,Flood,,,,2018,12.0,8.0,2018,12.0,10.0,14.0,105000.0,,,25000.0,29137.0,Quảng Nam
2018-0448-VNM,Natural,Flood,,,,2018,12.0,8.0,2018,12.0,10.0,14.0,105000.0,,,25000.0,29137.0,
2018-0484-VNM,Natural,Storm,Tropical depression 'Toraji',,,2018,11.0,17.0,2018,11.0,18.0,19.0,10028.0,,,17200.0,20046.0,
2019-0265-VNM,Natural,Flood,,,,2019,5.0,27.0,2019,5.0,30.0,3.0,265.0,,,,,
2019-0265-VNM,Natural,Flood,,,,2019,5.0,27.0,2019,5.0,30.0,3.0,265.0,,,,,
2019-0265-VNM,Natural,Flood,,,,2019,5.0,27.0,2019,5.0,30.0,3.0,265.0,,,,,Hà Giang
2019-0265-VNM,Natural,Flood,,,,2019,5.0,27.0,2019,5.0,30.0,3.0,265.0,,,,,Cao Bằng
2019-0380-VNM,Natural,Flood,,,,2019,8.0,5.0,2019,8.0,5.0,27.0,500.0,,,45000.0,51512.0,
2019-0380-VNM,Natural,Flood,,,,2019,8.0,5.0,2019,8.0,5.0,27.0,500.0,,,45000.0,51512.0,Quảng Ninh
2019-0380-VNM,Natural,Flood,,,,2019,8.0,5.0,2019,8.0,5.0,27.0,500.0,,,45000.0,51512.0,Thanh Hóa
2019-0393-VNM,Natural,Flood,,,,2019,8.0,8.0,2019,8.0,10.0,12.0,61540.0,,,,,Ninh Thuận
2019-0393-VNM,Natural,Flood,,,,2019,8.0,8.0,2019,8.0,10.0,12.0,61540.0,,,,,Kiên Giang
2019-0393-VNM,Natural,Flood,,,,2019,8.0,8.0,2019,8.0,10.0,12.0,61540.0,,,,,Gia Lai
2019-0393-VNM,Natural,Flood,,,,2019,8.0,8.0,2019,8.0,10.0,12.0,61540.0,,,,,Kon Tum
2019-0393-VNM,Natural,Flood,,,,2019,8.0,8.0,2019,8.0,10.0,12.0,61540.0,,,,,
2019-0393-VNM,Natural,Flood,,,,2019,8.0,8.0,2019,8.0,10.0,12.0,61540.0,,,,,
2019-0393-VNM,Natural,Flood,,,,2019,8.0,8.0,2019,8.0,10.0,12.0,61540.0,,,,,
2019-0393-VNM,Natural,Flood,,,,2019,8.0,8.0,2019,8.0,10.0,12.0,61540.0,,,,,
2019-0393-VNM,Natural,Flood,,,,2019,8.0,8.0,2019,8.0,10.0,12.0,61540.0,,,,,
2019-0419-VNM,Natural,Flood,,,,2019,9.0,11.0,2019,9.0,11.0,10.0,36450.0,,,13000.0,14881.0,Lào Cai
2019-0419-VNM,Natural,Flood,,,,2019,9.0,11.0,2019,9.0,11.0,10.0,36450.0,,,13000.0,14881.0,Quảng Ninh
2019-0419-VNM,Natural,Flood,,,,2019,9.0,11.0,2019,9.0,11.0,10.0,36450.0,,,13000.0,14881.0,
2019-0482-VNM,Natural,Flood,,,,2019,10.0,15.0,2019,10.0,22.0,3.0,26255.0,,,,,Nghệ An
2019-0482-VNM,Natural,Flood,,,,2019,10.0,15.0,2019,10.0,22.0,3.0,26255.0,,,,,
2019-0482-VNM,Natural,Flood,,,,2019,10.0,15.0,2019,10.0,22.0,3.0,26255.0,,,,,
2019-0534-VNM,Natural,Storm,Typhoon 'Matmo',,,2019,11.0,3.0,2019,11.0,3.0,1.0,20014.0,,,,,Gia Lai
2019-0534-VNM,Natural,Storm,Typhoon 'Matmo',,,2019,11.0,3.0,2019,11.0,3.0,1.0,20014.0,,,,,
2019-0534-VNM,Natural,Storm,Typhoon 'Matmo',,,2019,11.0,3.0,2019,11.0,3.0,1.0,20014.0,,,,,
2019-0534-VNM,Natural,Storm,Typhoon 'Matmo',,,2019,11.0,3.0,2019,11.0,3.0,1.0,20014.0,,,,,Quảng Ngãi
2019-0534-VNM,Natural,Storm,Typhoon 'Matmo',,,2019,11.0,3.0,2019,11.0,3.0,1.0,20014.0,,,,,
2019-0549-VNM,Natural,Storm,Tropical cyclone 'Nakri',,,2019,11.0,12.0,2019,11.0,13.0,3.0,2150.0,,,4000.0,4579.0,
2019-0549-VNM,Natural,Storm,Tropical cyclone 'Nakri',,,2019,11.0,12.0,2019,11.0,13.0,3.0,2150.0,,,4000.0,4579.0,
2019-9359-VNM,Natural,Drought,,,,2019,7.0,,2020,2.0,,,685558.0,,,,,Hậu Giang
2019-9359-VNM,Natural,Drought,,,,2019,7.0,,2020,2.0,,,685558.0,,,,,Cà Mau
2019-9359-VNM,Natural,Drought,,,,2019,7.0,,2020,2.0,,,685558.0,,,,,
2019-9359-VNM,Natural,Drought,,,,2019,7.0,,2020,2.0,,,685558.0,,,,,Kiên Giang
2019-9359-VNM,Natural,Drought,,,,2019,7.0,,2020,2.0,,,685558.0,,,,,Long An
2019-9359-VNM,Natural,Drought,,,,2019,7.0,,2020,2.0,,,685558.0,,,,,Vĩnh Long
2019-9359-VNM,Natural,Drought,,,,2019,7.0,,2020,2.0,,,685558.0,,,,,
2019-9359-VNM,Natural,Drought,,,,2019,7.0,,2020,2.0,,,685558.0,,,,,An Giang
2019-9359-VNM,Natural,Drought,,,,2019,7.0,,2020,2.0,,,685558.0,,,,,
2019-9359-VNM,Natural,Drought,,,,2019,7.0,,2020,2.0,,,685558.0,,,,,
2019-9359-VNM,Natural,Drought,,,,2019,7.0,,2020,2.0,,,685558.0,,,,,Trà Vinh
2019-9359-VNM,Natural,Drought,,,,2019,7.0,,2020,2.0,,,685558.0,,,,,Bến Tre
2019-9359-VNM,Natural,Drought,,,,2019,7.0,,2020,2.0,,,685558.0,,,,,Tiền Giang
2020-0165-VNM,Natural,Storm,,,,2020,4.0,22.0,2020,4.0,27.0,3.0,30013.0,,,,,Lào Cai
2020-0165-VNM,Natural,Storm,,,,2020,4.0,22.0,2020,4.0,27.0,3.0,30013.0,,,,,
2020-0165-VNM,Natural,Storm,,,,2020,4.0,22.0,2020,4.0,27.0,3.0,30013.0,,,,,Hà Giang
2020-0165-VNM,Natural,Storm,,,,2020,4.0,22.0,2020,4.0,27.0,3.0,30013.0,,,,,Quảng Ninh
2020-0165-VNM,Natural,Storm,,,,2020,4.0,22.0,2020,4.0,27.0,3.0,30013.0,,,,,Sơn La
2020-0307-VNM,Natural,Storm,Tropical cyclone 'Sinlaku',,,2020,7.0,29.0,2020,7.0,30.0,2.0,10000.0,,,232.0,262.0,Quảng Ninh
2020-0307-VNM,Natural,Storm,Tropical cyclone 'Sinlaku',,,2020,7.0,29.0,2020,7.0,30.0,2.0,10000.0,,,232.0,262.0,
2020-0328-VNM,Natural,Flood,,,,2020,7.0,18.0,2020,7.0,21.0,5.0,2621.0,,,22000.0,24877.0,Bắc Giang
2020-0328-VNM,Natural,Flood,,,,2020,7.0,18.0,2020,7.0,21.0,5.0,2621.0,,,22000.0,24877.0,Hà Giang
2020-0411-VNM,Natural,Storm,Tropical storm Linfa,,,2020,10.0,6.0,2020,11.0,3.0,243.0,1500000.0,,,850000.0,961151.0,Kon Tum
2020-0411-VNM,Natural,Storm,Tropical storm Linfa,,,2020,10.0,6.0,2020,11.0,3.0,243.0,1500000.0,,,850000.0,961151.0,Gia Lai
2020-0411-VNM,Natural,Storm,Tropical storm Linfa,,,2020,10.0,6.0,2020,11.0,3.0,243.0,1500000.0,,,850000.0,961151.0,Quảng Ninh
2020-0411-VNM,Natural,Storm,Tropical storm Linfa,,,2020,10.0,6.0,2020,11.0,3.0,243.0,1500000.0,,,850000.0,961151.0,
2020-0411-VNM,Natural,Storm,Tropical storm Linfa,,,2020,10.0,6.0,2020,11.0,3.0,243.0,1500000.0,,,850000.0,961151.0,Quảng Ngãi
2020-0411-VNM,Natural,Storm,Tropical storm Linfa,,,2020,10.0,6.0,2020,11.0,3.0,243.0,1500000.0,,,850000.0,961151.0,
2020-0411-VNM,Natural,Storm,Tropical storm Linfa,,,2020,10.0,6.0,2020,11.0,3.0,243.0,1500000.0,,,850000.0,961151.0,
2020-0411-VNM,Natural,Storm,Tropical storm Linfa,,,2020,10.0,6.0,2020,11.0,3.0,243.0,1500000.0,,,850000.0,961151.0,
2020-0411-VNM,Natural,Storm,Tropical storm Linfa,,,2020,10.0,6.0,2020,11.0,3.0,243.0,1500000.0,,,850000.0,961151.0,Nghệ An
2020-0411-VNM,Natural,Storm,Tropical storm Linfa,,,2020,10.0,6.0,2020,11.0,3.0,243.0,1500000.0,,,850000.0,961151.0,
2020-0411-VNM,Natural,Storm,Tropical storm Linfa,,,2020,10.0,6.0,2020,11.0,3.0,243.0,1500000.0,,,850000.0,961151.0,
2020-0411-VNM,Natural,Storm,Tropical storm Linfa,,,2020,10.0,6.0,2020,11.0,3.0,243.0,1500000.0,,,850000.0,961151.0,Quảng Nam
2020-0411-VNM,Natural,Storm,Tropical storm Linfa,,,2020,10.0,6.0,2020,11.0,3.0,243.0,1500000.0,,,850000.0,961151.0,
2020-0411-VNM,Natural,Storm,Tropical storm Linfa,,,2020,10.0,6.0,2020,11.0,3.0,243.0,1500000.0,,,850000.0,961151.0,
2020-0425-VNM,Natural,Storm,Tropical storm 'Nangka' (Nika),,,2020,10.0,13.0,2020,10.0,14.0,2.0,70780.0,,,,,Thanh Hóa
2020-0425-VNM,Natural,Storm,Tropical storm 'Nangka' (Nika),,,2020,10.0,13.0,2020,10.0,14.0,2.0,70780.0,,,,,Ninh Bình
2020-0425-VNM,Natural,Storm,Tropical storm 'Nangka' (Nika),,,2020,10.0,13.0,2020,10.0,14.0,2.0,70780.0,,,,,
2020-0462-VNM,Natural,Storm,Tropical storm 'Noul' (Leon),,,2020,9.0,18.0,2020,9.0,21.0,6.0,125000.0,,,33000.0,37315.0,
2020-0470-VNM,Natural,Storm,Typhoon 'Molave' (Quinta),,,2020,10.0,29.0,2020,10.0,29.0,41.0,450000.0,,,540000.0,610614.0,Quảng Nam
2020-0501-VNM,Natural,Storm,Tyhoon 'Ulysses' (Vamco),,,2020,11.0,15.0,2020,11.0,15.0,,,,,,,
2020-0501-VNM,Natural,Storm,Tyhoon 'Ulysses' (Vamco),,,2020,11.0,15.0,2020,11.0,15.0,,,,,,,Quảng Ninh
2020-0501-VNM,Natural,Storm,Tyhoon 'Ulysses' (Vamco),,,2020,11.0,15.0,2020,11.0,15.0,,,,,,,
2020-0501-VNM,Natural,Storm,Tyhoon 'Ulysses' (Vamco),,,2020,11.0,15.0,2020,11.0,15.0,,,,,,,
2020-0542-VNM,Natural,Storm,Tropical storm 'Etau' (Tonyo),,,2020,11.0,10.0,2020,11.0,10.0,2.0,5000.0,,,5260.0,5948.0,
2020-0542-VNM,Natural,Storm,Tropical storm 'Etau' (Tonyo),,,2020,11.0,10.0,2020,11.0,10.0,2.0,5000.0,,,5260.0,5948.0,Quảng Nam
2020-0542-VNM,Natural,Storm,Tropical storm 'Etau' (Tonyo),,,2020,11.0,10.0,2020,11.0,10.0,2.0,5000.0,,,5260.0,5948.0,
2020-0542-VNM,Natural,Storm,Tropical storm 'Etau' (Tonyo),,,2020,11.0,10.0,2020,11.0,10.0,2.0,5000.0,,,5260.0,5948.0,
2021-0217-VNM,Natural,Flood,,,,2021,4.0,16.0,2021,4.0,19.0,3.0,180.0,,,,,
2021-0217-VNM,Natural,Flood,,,,2021,4.0,16.0,2021,4.0,19.0,3.0,180.0,,,,,
2021-0217-VNM,Natural,Flood,,,,2021,4.0,16.0,2021,4.0,19.0,3.0,180.0,,,,,Hà Giang
2021-0327-VNM,Natural,Storm,Tropical storm 'Koguma',,,2021,6.0,12.0,2021,6.0,13.0,1.0,750.0,,,10000.0,10800.0,
2021-0327-VNM,Natural,Storm,Tropical storm 'Koguma',,,2021,6.0,12.0,2021,6.0,13.0,1.0,750.0,,,10000.0,10800.0,Quảng Nam
2021-0327-VNM,Natural,Storm,Tropical storm 'Koguma',,,2021,6.0,12.0,2021,6.0,13.0,1.0,750.0,,,10000.0,10800.0,
2021-0698-VNM,Natural,Storm,Tropical depression 'Twe',,,2021,10.0,22.0,2021,10.0,27.0,5.0,82500.0,,,7500.0,8100.0,
2021-0698-VNM,Natural,Storm,Tropical depression 'Twe',,,2021,10.0,22.0,2021,10.0,27.0,5.0,82500.0,,,7500.0,8100.0,
2021-0698-VNM,Natural,Storm,Tropical depression 'Twe',,,2021,10.0,22.0,2021,10.0,27.0,5.0,82500.0,,,7500.0,8100.0,
2021-0698-VNM,Natural,Storm,Tropical depression 'Twe',,,2021,10.0,22.0,2021,10.0,27.0,5.0,82500.0,,,7500.0,8100.0,
2021-0763-VNM,Natural,Flood,,,,2021,11.0,27.0,2021,11.0,30.0,18.0,300000.0,,,,,Kon Tum
2021-0763-VNM,Natural,Flood,,,,2021,11.0,27.0,2021,11.0,30.0,18.0,300000.0,,,,,
2021-0763-VNM,Natural,Flood,,,,2021,11.0,27.0,2021,11.0,30.0,18.0,300000.0,,,,,
2021-0763-VNM,Natural,Flood,,,,2021,11.0,27.0,2021,11.0,30.0,18.0,300000.0,,,,,
2021-0763-VNM,Natural,Flood,,,,2021,11.0,27.0,2021,11.0,30.0,18.0,300000.0,,,,,Quảng Ngãi
2021-0763-VNM,Natural,Flood,,,,2021,11.0,27.0,2021,11.0,30.0,18.0,300000.0,,,,,Quảng Nam
2021-0813-VNM,Natural,Storm,Typhoon 'Rai' (Odette),,,2021,12.0,19.0,2021,12.0,19.0,3.0,,,,9000.0,9720.0,
2021-0813-VNM,Natural,Storm,Typhoon 'Rai' (Odette),,,2021,12.0,19.0,2021,12.0,19.0,3.0,,,,9000.0,9720.0,Nghệ An
2021-0813-VNM,Natural,Storm,Typhoon 'Rai' (Odette),,,2021,12.0,19.0,2021,12.0,19.0,3.0,,,,9000.0,9720.0,Quảng Ngãi
2022-0172-VNM,Natural,Flood,,,,2022,3.0,22.0,2022,3.0,23.0,,226.0,,,,,
2022-0172-VNM,Natural,Flood,,,,2022,3.0,22.0,2022,3.0,23.0,,226.0,,,,,Cao Bằng
2022-0172-VNM,Natural,Flood,,,,2022,3.0,22.0,2022,3.0,23.0,,226.0,,,,,Tuyên Quang
2022-0292-VNM,Natural,Storm,,,,2022,5.0,9.0,2022,5.0,13.0,9.0,500.0,,,,,
2022-0292-VNM,Natural,Storm,,,,2022,5.0,9.0,2022,5.0,13.0,9.0,500.0,,,,,Hà Giang
2022-0292-VNM,Natural,Storm,,,,2022,5.0,9.0,2022,5.0,13.0,9.0,500.0,,,,,
2022-0292-VNM,Natural,Storm,,,,2022,5.0,9.0,2022,5.0,13.0,9.0,500.0,,,,,Quảng Ninh
2022-0292-VNM,Natural,Storm,,,,2022,5.0,9.0,2022,5.0,13.0,9.0,500.0,,,,,
2022-0292-VNM,Natural,Storm,,,,2022,5.0,9.0,2022,5.0,13.0,9.0,500.0,,,,,
2022-0292-VNM,Natural,Storm,,,,2022,5.0,9.0,2022,5.0,13.0,9.0,500.0,,,,,Cao Bằng
2022-0320-VNM,Natural,Flood,,,,2022,5.0,21.0,2022,5.0,30.0,13.0,2554.0,,,,,
2022-0320-VNM,Natural,Flood,,,,2022,5.0,21.0,2022,5.0,30.0,13.0,2554.0,,,,,
2022-0320-VNM,Natural,Flood,,,,2022,5.0,21.0,2022,5.0,30.0,13.0,2554.0,,,,,Hà Giang
2022-0320-VNM,Natural,Flood,,,,2022,5.0,21.0,2022,5.0,30.0,13.0,2554.0,,,,,
2022-0320-VNM,Natural,Flood,,,,2022,5.0,21.0,2022,5.0,30.0,13.0,2554.0,,,,,Thái Nguyên
2022-0320-VNM,Natural,Flood,,,,2022,5.0,21.0,2022,5.0,30.0,13.0,2554.0,,,,,
2022-0320-VNM,Natural,Flood,,,,2022,5.0,21.0,2022,5.0,30.0,13.0,2554.0,,,,,
2022-0320-VNM,Natural,Flood,,,,2022,5.0,21.0,2022,5.0,30.0,13.0,2554.0,,,,,Tuyên Quang
2022-0320-VNM,Natural,Flood,,,,2022,5.0,21.0,2022,5.0,30.0,13.0,2554.0,,,,,
2022-0320-VNM,Natural,Flood,,,,2022,5.0,21.0,2022,5.0,30.0,13.0,2554.0,,,,,Cao Bằng
2022-0515-VNM,Natural,Flood,,,,2022,8.0,14.0,2022,8.0,16.0,10.0,,,,,,
2022-0613-VNM,Natural,Storm,Tropical cyclone 'Noru' (Karding),,,2022,9.0,28.0,2022,9.0,29.0,2.0,54412.0,,,,,Kon Tum
2022-0613-VNM,Natural,Storm,Tropical cyclone 'Noru' (Karding),,,2022,9.0,28.0,2022,9.0,29.0,2.0,54412.0,,,,,
2022-0613-VNM,Natural,Storm,Tropical cyclone 'Noru' (Karding),,,2022,9.0,28.0,2022,9.0,29.0,2.0,54412.0,,,,,
2022-0613-VNM,Natural,Storm,Tropical cyclone 'Noru' (Karding),,,2022,9.0,28.0,2022,9.0,29.0,2.0,54412.0,,,,,Quảng Ngãi
2022-0613-VNM,Natural,Storm,Tropical cyclone 'Noru' (Karding),,,2022,9.0,28.0,2022,9.0,29.0,2.0,54412.0,,,,,Quảng Nam
2022-0613-VNM,Natural,Storm,Tropical cyclone 'Noru' (Karding),,,2022,9.0,28.0,2022,9.0,29.0,2.0,54412.0,,,,,
2022-0667-VNM,Natural,Flood,,,,2022,10.0,10.0,2022,10.0,11.0,2.0,10000.0,,,,,
2022-0667-VNM,Natural,Flood,,,,2022,10.0,10.0,2022,10.0,11.0,2.0,10000.0,,,,,Quảng Nam
2022-0667-VNM,Natural,Flood,,,,2022,10.0,10.0,2022,10.0,11.0,2.0,10000.0,,,,,
2022-0667-VNM,Natural,Flood,,,,2022,10.0,10.0,2022,10.0,11.0,2.0,10000.0,,,,,
2022-0676-VNM,Natural,Storm,Tropical storm 'Sonca',,,2022,10.0,13.0,2022,10.0,15.0,19.0,436978.0,,,65000.0,65000.0,
2022-0676-VNM,Natural,Storm,Tropical storm 'Sonca',,,2022,10.0,13.0,2022,10.0,15.0,19.0,436978.0,,,65000.0,65000.0,Quảng Ninh
2022-0676-VNM,Natural,Storm,Tropical storm 'Sonca',,,2022,10.0,13.0,2022,10.0,15.0,19.0,436978.0,,,65000.0,65000.0,
2022-0676-VNM,Natural,Storm,Tropical storm 'Sonca',,,2022,10.0,13.0,2022,10.0,15.0,19.0,436978.0,,,65000.0,65000.0,
2022-0795-VNM,Natural,Flood,,,,2022,12.0,1.0,2022,12.0,4.0,5.0,10495.0,,,1500.0,1500.0,
2022-0795-VNM,Natural,Flood,,,,2022,12.0,1.0,2022,12.0,4.0,5.0,10495.0,,,1500.0,1500.0,
2022-0795-VNM,Natural,Flood,,,,2022,12.0,1.0,2022,12.0,4.0,5.0,10495.0,,,1500.0,1500.0,Quảng Nam
2022-0795-VNM,Natural,Flood,,,,2022,12.0,1.0,2022,12.0,4.0,5.0,10495.0,,,1500.0,1500.0,
